<?xml version="1.0" encoding="UTF-8" standalone="yes"?>
<cp:coreProperties xmlns:cp="http://schemas.openxmlformats.org/package/2006/metadata/core-properties" xmlns:dc="http://purl.org/dc/elements/1.1/" xmlns:dcterms="http://purl.org/dc/terms/" xmlns:dcmitype="http://purl.org/dc/dcmitype/" xmlns:xsi="http://www.w3.org/2001/XMLSchema-instance"><dc:creator>Ene</dc:creator><cp:lastModifiedBy>Ene</cp:lastModifiedBy><cp:lastPrinted>2021-03-15T09:53:23Z</cp:lastPrinted><dcterms:created xsi:type="dcterms:W3CDTF">2018-07-20T02:10:30Z</dcterms:created><dcterms:modified xsi:type="dcterms:W3CDTF">2021-03-23T02:11:25Z</dcterms:modified></cp:coreProperties>