<?xml version="1.0" encoding="UTF-8" standalone="yes"?>
<sst xmlns="http://schemas.openxmlformats.org/spreadsheetml/2006/main" count="214" uniqueCount="179"><si><t>Republic of the Philippines</t></si><si><t xml:space="preserve">Date:  </t></si><si><t>INSTRUCTIONS</t></si><si><t>colleges, if applicable; (3) by program, if applicable; and (4) by student name (Last name, First name MI).</t></si><si><t>by Form 2 as a cover document for all the provided PDFs of the CORs.</t></si><si><t>Address</t></si><si><t>Student's Name</t></si><si><t>Student Profile</t></si><si><t>Contact Information</t></si><si><t>5-digit Control Number</t></si><si><t>Student Number</t></si><si><t>Last Name</t></si><si><t>Given Name</t></si><si><t>Middle Initial</t></si><si><t>Sex at Birth      (M/F)</t></si><si><t>Degree Program</t></si><si><t>Year Level</t></si><si><t>ZIP Code</t></si><si><t>E-mail address</t></si><si><t>Phone Number</t></si><si><t>Academic Units Enrolled (credit and non-credit courses)</t></si><si><t>Prepared by:</t></si><si><t>Certified by:</t></si><si><t>Approved by:</t></si><si><t>(Print Name and Signature)</t></si><si><t>TO:</t></si><si><t>Address:</t></si><si><t>Copy Furnished:</t></si><si><t>11</t></si><si><t>Region 11</t></si><si><t>05</t></si><si><t>Region 5</t></si><si><t>CAR</t></si><si><t>10</t></si><si><t>Region 10</t></si><si><t>MIMAROPA</t></si><si><t>Region 4B</t></si><si><t>ARMM</t></si><si><t>09</t></si><si><t>Region 9</t></si><si><t>04</t></si><si><t>Region 4A</t></si><si><t>CARAGA</t></si><si><t>08</t></si><si><t>Region 8</t></si><si><t>03</t></si><si><t>Region 3</t></si><si><t>NCR</t></si><si><t>07</t></si><si><t>Region 7</t></si><si><t>02</t></si><si><t>Region 2</t></si><si><t>Examples of a billing statement no.</t></si><si><t>12</t></si><si><t>Region 12</t></si><si><t>06</t></si><si><t>Region 6</t></si><si><t>01</t></si><si><t>Region 1</t></si><si><t>Code</t></si><si><t>Region</t></si><si><t>Regional Codes</t></si><si><t>Summer</t></si><si><t>2nd semester</t></si><si><t>3rd semester</t></si><si><t>1st semester</t></si><si><t>Term</t></si><si><t xml:space="preserve">"Term" refers to the academic year semester or terms: </t></si><si><t>INSTRUCTIONS:</t></si><si><t>Date</t></si><si><t>President/Authorized Representative</t></si><si><t>Head, Accounting/Authorized Representative</t></si><si><t>Position</t></si><si><t>Printed Name</t></si><si><t>Signature</t></si><si><t>No</t></si><si><t>Yes</t></si><si><t>proper.</t></si><si><t xml:space="preserve">Supporting documents complete and amount claimed </t></si><si><t>Approved</t></si><si><t>Certified</t></si><si><t>Approved for payment</t></si><si><t>Excess (deficient) billing noted for further action</t></si><si><t>Action to be taken</t></si><si><t>Amount</t></si><si><t>Account Code</t></si><si><t>Responsibility Center</t></si><si><t>To</t></si><si><t>Page Total</t></si><si><t>Page Accumulated Total</t></si><si><t>Birthdate (mm/dd/yyyy)</t></si><si><t>CONSOLIDATED TES BILLING STATEMENT</t></si><si><t xml:space="preserve">TES Billing Statement Reference No.:  </t></si><si><t>CHED - Regional Officee _____</t></si><si><t>Address of CHED Regional Office</t></si><si><t>PhP</t></si><si><t xml:space="preserve">TES Billing Details Reference Number:  </t></si><si><t>CHED - Regional Office _______________</t></si><si><t>TES Award Number</t></si><si><t>TOTAL TERTIARY EDUCATION SUBSIDY</t></si><si><t>TOTAL TES BILLING PER CAMPUS</t></si><si><t>TOTAL TES BILLING ALL CAMPUSES</t></si><si><t>As to corectness of enrollment data</t></si><si><t>As to correctness of financial data</t></si><si><t>5. Assign a 5-digit control number for each enrolled student. The 5-digit number should be assigned</t></si><si><t>Note:</t></si><si><t xml:space="preserve">For internal audit purposes, the said documents will be checked for validation purposes upon </t></si><si><t>submission of liquidation report.</t></si><si><t>CONSOLIDATED TES BILLING DETAILS</t></si><si><t>Form 1 TES - Consolidated TES Billing Statement</t></si><si><t>Form 2 TES Consolidated TES Billing Details</t></si><si><t>Billing Details Summary:</t></si><si><t>and BATCH NUMBER (1 digit).  The Descrption and codes are provided below:</t></si><si><t>e.g.  Jose Rizal University - JRU</t></si><si><t>The second batch of TES statement submitted by Jose Rizal University in the First Semester</t></si><si><t xml:space="preserve">TES -2 </t></si><si><t>HEI Registrar</t></si><si><t>HEI Chief Accountant</t></si><si><t>HEI President</t></si><si><t>HEI TES Focal Person/Scholarship Coordinator</t></si><si><t>(Print Name and Signature</t></si><si><t>(Name of Higher Education Institution)</t></si><si><t>Billing Form 2</t></si><si><t>(Address of Higher Education Institution)</t></si><si><t xml:space="preserve">campuses should tally with the total amount of TES in the Billing Statement </t></si><si><t xml:space="preserve"> Note:  Please insert additional line as needed</t></si><si><r><rPr><b/><i/><sz val="12"/><color theme="1"/><rFont val="Times New Roman"/><family val="1"/></rPr><t>TES will have to be listed and tabulated PER CAMPUS</t></r><r><rPr><i/><sz val="12"/><color theme="1"/><rFont val="Times New Roman"/><family val="1"/></rPr><t>.  The Total Amount of the TES for all</t></r></si><si><t>Stipend</t></si><si><t xml:space="preserve">TES-3A </t></si><si><t>Person with Disability</t></si><si><t>TOTAL AMOUNT</t></si><si><t>Billed Amount</t></si><si><t>XX - YYYYYYY - 2020 - X - X</t></si><si><t>Is this the last batch of billing for this term of AY 2020-2021?</t></si><si><t>copy furnished UniFAST Secretariat for monitoring purposes</t></si><si><t>TES Form 1</t></si><si><t>CHED - Regional Office _____</t></si><si><t>(To be approved by CHEDRO)</t></si><si><t>Name of Regional Director</t></si><si><t xml:space="preserve">2. Provide the details regarding the actual students who were awarded TES, the correponding </t></si><si><t xml:space="preserve"> total number of academic units enrolled (credit and non-credit courses) and total cost of Tuition</t></si><si><r><t>and other school fees, accumulated by  (</t></r><r><rPr><i/><u/><sz val="10"/><color theme="1"/><rFont val="Times New Roman"/><family val="1"/></rPr><t>first or second semester</t></r><r><rPr><i/><sz val="10"/><color theme="1"/><rFont val="Times New Roman"/><family val="1"/></rPr><t>) AY ( _______  ).</t></r></si><si><t>semester of Academic Year (_________  )  arranged exactly as it appears in the Billing Details.</t></si><si><t>3.  Submit pdf of the  Certificate of Registration (COR) of Official Enrollment in the 1st and / or 2nd</t></si><si><t>1. Provide in this form the billing details on a per campus basis.</t></si><si><t xml:space="preserve">4. Include all enrolled students in this form in alphabetical order (1) by campuses, if applicable; (2) by </t></si><si><t>chronologically to the students that have been listed alphabetically according to instruction no. 4.</t></si><si><t>6. Submit a signed certification of the accuracy and completeness of the students' CORs covered</t></si><si><t xml:space="preserve">UniFAST Secretariat </t></si><si><t>Tertiary Education Subsidy : Based on Section 23 of Rule IV of IRR of R.A. No. 10931</t></si><si><t xml:space="preserve">Academic Year ___________ to be charged against the funds for Universal Access to Quality </t></si><si><t xml:space="preserve">Tertiary Education (UAQTE) under General Appropriation Act (GAA)  for Fiscal Year __________, </t></si><si><t>as per attached supporting documents ……..</t></si><si><r><t>Request for payment of the Tertiary Education Subsidy (TES) grant for</t></r><r><rPr><i/><sz val="11"/><color rgb="FF000000"/><rFont val="Calisto MT"/><family val="1"/></rPr><t xml:space="preserve"> (</t></r><r><rPr><i/><u/><sz val="11"/><color rgb="FF000000"/><rFont val="Calisto MT"/><family val="1"/></rPr><t>1st and/or 2nd semester</t></r><r><rPr><i/><sz val="11"/><color rgb="FF000000"/><rFont val="Calisto MT"/><family val="1"/></rPr><t xml:space="preserve">),  </t></r></si><si><t>Total Amount</t></si><si><t>TOTAL:  TES Billing Amount</t></si><si><t>Total number of TES student-grantees in the Higher Education Institution (HEI): ________</t></si><si><r><t xml:space="preserve">       </t></r><r><rPr><b/><sz val="12"/><color theme="1"/><rFont val="Calisto MT"/><family val="1"/></rPr><t>TES-1</t></r><r><rPr><sz val="12"/><color theme="1"/><rFont val="Calisto MT"/><family val="1"/></rPr><t xml:space="preserve"> for all the TES student-grantees enrolled in the HEI</t></r></si><si><r><t xml:space="preserve">      </t></r><r><rPr><b/><sz val="12"/><color theme="1"/><rFont val="Calisto MT"/><family val="1"/></rPr><t xml:space="preserve"> TES-2 </t></r><r><rPr><sz val="12"/><color theme="1"/><rFont val="Calisto MT"/><family val="1"/></rPr><t>for all the TES student-grantees enrolled in the HEI</t></r></si><si><r><t xml:space="preserve">       </t></r><r><rPr><b/><sz val="12"/><color theme="1"/><rFont val="Calisto MT"/><family val="1"/></rPr><t>TES-3a</t></r><r><rPr><sz val="12"/><color theme="1"/><rFont val="Calisto MT"/><family val="1"/></rPr><t xml:space="preserve"> for all TES student-grantees with disability enrolled in the HEI</t></r></si><si><r><t xml:space="preserve">      </t></r><r><rPr><b/><sz val="12"/><color theme="1"/><rFont val="Calisto MT"/><family val="1"/></rPr><t xml:space="preserve"> Add</t></r><r><rPr><sz val="12"/><color theme="1"/><rFont val="Calisto MT"/><family val="1"/></rPr><t>:  1 percent (1%) Administrative Support Cost (ASC) for partner HEI</t></r></si><si><r><t xml:space="preserve">Basis for the Tertiary Education Subsidy: </t></r><r><rPr><b/><sz val="12"/><color theme="1"/><rFont val="Calisto MT"/><family val="1"/></rPr><t>Section 23, Rule IV, IRR of R.A. No. 10931</t></r></si><si><t>1. The HEIs are allowed a maximum of two (2) tranches of payments per semester.</t></si><si><t>2. The TES statement reference number shall comprise of the REGIONAL CODE (2-digit),</t></si><si><t xml:space="preserve">HEI CODE (alpha codes), ACADEMIC YEAR (4-digit), TERM (1-digit), </t></si><si><t>" HEI Code" shall be the Acronym used by the HEI for their institution.</t></si><si><t>"Academic Year" will use the year when the AY began (e.g. 2020 for AY 2020-2021).</t></si><si><t xml:space="preserve">"Batch" refers to the number of times the HEI bills the CHED within a semester. </t></si><si><r><t xml:space="preserve">Note that the HEIs may bill the CHED </t></r><r><rPr><b/><i/><u/><sz val="10"/><color theme="1"/><rFont val="Calisto MT"/><family val="1"/></rPr><t>no more than two (2) batches per semester.</t></r></si><si><t>The first batch of TES statement submitted by JRU in 1st sem AY 2020-2021:</t></si><si><t>for AY 2020 - 2021</t></si><si><t>NCR-JRU-2020-1-1</t></si><si><t>documents and a cover letter address to:</t></si><si><t xml:space="preserve">3. Submit a printed copy of completed TES Statement Form (Form 1) together with other required  </t></si><si><t>Add 1 percent (1%) Administrative Support for Partner Institutions</t></si><si><t>7. Send electronic copies of the following billing forms to CHEDRO as supporting documents:</t></si><si><t>8. Submit the hard copies of  the following billing forms to CHEDRO as supporting documents.</t></si><si><t>Actual Tuition and Other School Fees for 1st or 2nd semester AY (_______)</t></si><si><r><t xml:space="preserve">TES-1 </t></r><r><rPr><i/><sz val="12"/><color theme="1"/><rFont val="Times New Roman"/><family val="1"/></rPr><t>(for Private HEIs only)</t></r></si></sst>