<?xml version="1.0" encoding="UTF-8" standalone="yes"?>
<styleSheet xmlns="http://schemas.openxmlformats.org/spreadsheetml/2006/main" xmlns:mc="http://schemas.openxmlformats.org/markup-compatibility/2006" mc:Ignorable="x14ac x16r2" xmlns:x14ac="http://schemas.microsoft.com/office/spreadsheetml/2009/9/ac" xmlns:x16r2="http://schemas.microsoft.com/office/spreadsheetml/2015/02/main"><numFmts count="1"><numFmt numFmtId="43" formatCode="_(* #,##0.00_);_(* \(#,##0.00\);_(* &quot;-&quot;??_);_(@_)"/></numFmts><fonts count="40" x14ac:knownFonts="1"><font><sz val="11"/><color theme="1"/><name val="Calibri"/><family val="2"/><scheme val="minor"/></font><font><sz val="12"/><color theme="1"/><name val="Times New Roman"/><family val="1"/></font><font><sz val="20"/><color theme="1"/><name val="Times New Roman"/><family val="1"/></font><font><i/><sz val="12"/><color theme="1"/><name val="Times New Roman"/><family val="1"/></font><font><b/><sz val="20"/><color theme="1"/><name val="Times New Roman"/><family val="1"/></font><font><b/><sz val="12"/><color theme="1"/><name val="Times New Roman"/><family val="1"/></font><font><b/><i/><sz val="10"/><color theme="1"/><name val="Times New Roman"/><family val="1"/></font><font><sz val="10"/><color theme="1"/><name val="Times New Roman"/><family val="1"/></font><font><i/><sz val="10"/><color theme="1"/><name val="Times New Roman"/><family val="1"/></font><font><b/><sz val="12"/><color rgb="FF222222"/><name val="Times New Roman"/><family val="1"/></font><font><b/><sz val="16"/><color rgb="FF222222"/><name val="Times New Roman"/><family val="1"/></font><font><b/><sz val="14"/><color theme="1"/><name val="Times New Roman"/><family val="1"/></font><font><b/><sz val="16"/><color theme="1"/><name val="Times New Roman"/><family val="1"/></font><font><sz val="12"/><color theme="1"/><name val="Calisto MT"/><family val="1"/></font><font><i/><sz val="10"/><color theme="1"/><name val="Calisto MT"/><family val="1"/></font><font><b/><i/><sz val="10"/><color theme="1"/><name val="Calisto MT"/><family val="1"/></font><font><i/><u/><sz val="10"/><color theme="1"/><name val="Calisto MT"/><family val="1"/></font><font><b/><i/><u/><sz val="10"/><color theme="1"/><name val="Calisto MT"/><family val="1"/></font><font><b/><sz val="12"/><color theme="1"/><name val="Calisto MT"/><family val="1"/></font><font><b/><sz val="20"/><color theme="1"/><name val="Calisto MT"/><family val="1"/></font><font><i/><sz val="12"/><color theme="1"/><name val="Calisto MT"/><family val="1"/></font><font><b/><i/><sz val="12"/><color theme="1"/><name val="Calisto MT"/><family val="1"/></font><font><sz val="20"/><color theme="1"/><name val="Calisto MT"/><family val="1"/></font><font><sz val="11"/><color theme="1"/><name val="Calibri"/><family val="2"/><scheme val="minor"/></font><font><u/><sz val="11"/><color theme="10"/><name val="Calibri"/><family val="2"/><scheme val="minor"/></font><font><u/><sz val="11"/><color theme="11"/><name val="Calibri"/><family val="2"/><scheme val="minor"/></font><font><sz val="8"/><name val="Calibri"/><family val="2"/><scheme val="minor"/></font><font><b/><i/><sz val="12"/><color theme="1"/><name val="Times New Roman"/><family val="1"/></font><font><i/><sz val="10"/><name val="Times New Roman"/><family val="1"/></font><font><sz val="10"/><name val="Times New Roman"/><family val="1"/></font><font><i/><sz val="10"/><color rgb="FFC00000"/><name val="Times New Roman"/><family val="1"/></font><font><sz val="10"/><color rgb="FFC00000"/><name val="Times New Roman"/><family val="1"/></font><font><i/><sz val="10"/><color rgb="FF000000"/><name val="Calisto MT"/><family val="1"/></font><font><sz val="11"/><color rgb="FF000000"/><name val="Calisto MT"/><family val="1"/></font><font><i/><sz val="10"/><color rgb="FFFF0000"/><name val="Calisto MT"/><family val="1"/></font><font><sz val="10"/><color rgb="FFFF0000"/><name val="Calisto MT"/><family val="1"/></font><font><b/><i/><u/><sz val="12"/><color theme="1"/><name val="Calisto MT"/><family val="1"/></font><font><i/><u/><sz val="10"/><color theme="1"/><name val="Times New Roman"/><family val="1"/></font><font><i/><sz val="11"/><color rgb="FF000000"/><name val="Calisto MT"/><family val="1"/></font><font><i/><u/><sz val="11"/><color rgb="FF000000"/><name val="Calisto MT"/><family val="1"/></font></fonts><fills count="4"><fill><patternFill patternType="none"/></fill><fill><patternFill patternType="gray125"/></fill><fill><patternFill patternType="solid"><fgColor theme="0"/><bgColor indexed="64"/></patternFill></fill><fill><patternFill patternType="solid"><fgColor rgb="FFFFFF00"/><bgColor indexed="64"/></patternFill></fill></fills><borders count="60"><border><left/><right/><top/><bottom/><diagonal/></border><border><left style="medium"><color auto="1"/></left><right/><top style="medium"><color auto="1"/></top><bottom/><diagonal/></border><border><left/><right/><top style="medium"><color auto="1"/></top><bottom/><diagonal/></border><border><left/><right style="medium"><color auto="1"/></right><top style="medium"><color auto="1"/></top><bottom/><diagonal/></border><border><left style="medium"><color auto="1"/></left><right/><top/><bottom/><diagonal/></border><border><left style="medium"><color auto="1"/></left><right/><top/><bottom style="medium"><color auto="1"/></bottom><diagonal/></border><border><left/><right/><top/><bottom style="medium"><color auto="1"/></bottom><diagonal/></border><border><left/><right style="medium"><color auto="1"/></right><top/><bottom style="medium"><color auto="1"/></bottom><diagonal/></border><border><left/><right style="medium"><color auto="1"/></right><top/><bottom/><diagonal/></border><border><left/><right/><top/><bottom style="thin"><color auto="1"/></bottom><diagonal/></border><border><left/><right style="medium"><color auto="1"/></right><top/><bottom style="thin"><color auto="1"/></bottom><diagonal/></border><border><left/><right/><top style="thin"><color auto="1"/></top><bottom/><diagonal/></border><border><left style="thin"><color auto="1"/></left><right/><top style="thin"><color auto="1"/></top><bottom/><diagonal/></border><border><left/><right style="thin"><color auto="1"/></right><top style="thin"><color auto="1"/></top><bottom/><diagonal/></border><border><left style="thin"><color auto="1"/></left><right/><top/><bottom/><diagonal/></border><border><left/><right style="thin"><color auto="1"/></right><top/><bottom/><diagonal/></border><border><left style="thin"><color auto="1"/></left><right/><top/><bottom style="thin"><color auto="1"/></bottom><diagonal/></border><border><left/><right style="thin"><color auto="1"/></right><top/><bottom style="thin"><color auto="1"/></bottom><diagonal/></border><border><left style="medium"><color auto="1"/></left><right style="medium"><color auto="1"/></right><top style="medium"><color auto="1"/></top><bottom style="medium"><color auto="1"/></bottom><diagonal/></border><border><left/><right/><top style="medium"><color auto="1"/></top><bottom style="medium"><color auto="1"/></bottom><diagonal/></border><border><left/><right style="medium"><color auto="1"/></right><top style="medium"><color auto="1"/></top><bottom style="medium"><color auto="1"/></bottom><diagonal/></border><border><left style="medium"><color auto="1"/></left><right style="medium"><color auto="1"/></right><top style="medium"><color auto="1"/></top><bottom/><diagonal/></border><border><left style="medium"><color auto="1"/></left><right/><top style="medium"><color auto="1"/></top><bottom style="medium"><color auto="1"/></bottom><diagonal/></border><border><left style="medium"><color auto="1"/></left><right style="medium"><color auto="1"/></right><top/><bottom/><diagonal/></border><border><left style="medium"><color auto="1"/></left><right style="medium"><color auto="1"/></right><top/><bottom style="medium"><color auto="1"/></bottom><diagonal/></border><border><left/><right/><top style="thick"><color auto="1"/></top><bottom/><diagonal/></border><border><left/><right style="thin"><color auto="1"/></right><top style="thick"><color auto="1"/></top><bottom/><diagonal/></border><border><left/><right style="thick"><color auto="1"/></right><top/><bottom style="thick"><color auto="1"/></bottom><diagonal/></border><border><left/><right/><top/><bottom style="thick"><color auto="1"/></bottom><diagonal/></border><border><left style="thick"><color auto="1"/></left><right/><top/><bottom style="thick"><color auto="1"/></bottom><diagonal/></border><border><left/><right style="thick"><color auto="1"/></right><top/><bottom/><diagonal/></border><border><left style="thick"><color auto="1"/></left><right/><top/><bottom/><diagonal/></border><border><left/><right style="thick"><color auto="1"/></right><top style="thin"><color auto="1"/></top><bottom style="medium"><color auto="1"/></bottom><diagonal/></border><border><left/><right/><top style="thin"><color auto="1"/></top><bottom style="medium"><color auto="1"/></bottom><diagonal/></border><border><left style="thick"><color auto="1"/></left><right/><top style="thin"><color auto="1"/></top><bottom style="medium"><color auto="1"/></bottom><diagonal/></border><border><left/><right style="thick"><color auto="1"/></right><top/><bottom style="medium"><color auto="1"/></bottom><diagonal/></border><border><left style="thick"><color auto="1"/></left><right/><top/><bottom style="medium"><color auto="1"/></bottom><diagonal/></border><border><left/><right style="thick"><color auto="1"/></right><top style="thick"><color auto="1"/></top><bottom style="thin"><color auto="1"/></bottom><diagonal/></border><border><left/><right/><top style="thick"><color auto="1"/></top><bottom style="thin"><color auto="1"/></bottom><diagonal/></border><border><left style="thick"><color auto="1"/></left><right/><top style="thick"><color auto="1"/></top><bottom style="thin"><color auto="1"/></bottom><diagonal/></border><border><left/><right style="thick"><color auto="1"/></right><top style="thick"><color auto="1"/></top><bottom/><diagonal/></border><border><left style="thick"><color auto="1"/></left><right/><top style="thick"><color auto="1"/></top><bottom/><diagonal/></border><border><left style="medium"><color auto="1"/></left><right/><top/><bottom style="thick"><color auto="1"/></bottom><diagonal/></border><border><left/><right style="medium"><color auto="1"/></right><top/><bottom style="thick"><color auto="1"/></bottom><diagonal/></border><border><left/><right style="thick"><color auto="1"/></right><top style="medium"><color auto="1"/></top><bottom/><diagonal/></border><border><left style="thick"><color auto="1"/></left><right/><top style="medium"><color auto="1"/></top><bottom/><diagonal/></border><border><left/><right style="thick"><color auto="1"/></right><top style="medium"><color auto="1"/></top><bottom style="medium"><color auto="1"/></bottom><diagonal/></border><border><left style="thick"><color auto="1"/></left><right/><top style="medium"><color auto="1"/></top><bottom style="medium"><color auto="1"/></bottom><diagonal/></border><border><left/><right style="thick"><color auto="1"/></right><top style="thin"><color auto="1"/></top><bottom style="thin"><color auto="1"/></bottom><diagonal/></border><border><left/><right style="thick"><color auto="1"/></right><top/><bottom style="thin"><color auto="1"/></bottom><diagonal/></border><border><left style="thin"><color auto="1"/></left><right/><top style="thick"><color auto="1"/></top><bottom style="thin"><color auto="1"/></bottom><diagonal/></border><border><left/><right/><top style="thin"><color auto="1"/></top><bottom style="thin"><color auto="1"/></bottom><diagonal/></border><border><left/><right style="medium"><color auto="1"/></right><top style="thin"><color auto="1"/></top><bottom style="thin"><color auto="1"/></bottom><diagonal/></border><border><left/><right/><top/><bottom style="medium"><color rgb="FF000000"/></bottom><diagonal/></border><border><left style="medium"><color auto="1"/></left><right/><top style="medium"><color auto="1"/></top><bottom style="thin"><color indexed="64"/></bottom><diagonal/></border><border><left/><right/><top style="medium"><color auto="1"/></top><bottom style="thin"><color indexed="64"/></bottom><diagonal/></border><border><left/><right style="medium"><color auto="1"/></right><top style="medium"><color auto="1"/></top><bottom style="thin"><color indexed="64"/></bottom><diagonal/></border><border><left style="medium"><color auto="1"/></left><right/><top style="thin"><color indexed="64"/></top><bottom style="thin"><color indexed="64"/></bottom><diagonal/></border><border><left style="medium"><color auto="1"/></left><right/><top style="thin"><color indexed="64"/></top><bottom style="medium"><color auto="1"/></bottom><diagonal/></border><border><left/><right style="medium"><color auto="1"/></right><top style="thin"><color indexed="64"/></top><bottom style="medium"><color auto="1"/></bottom><diagonal/></border></borders><cellStyleXfs count="18"><xf numFmtId="0" fontId="0" fillId="0" borderId="0"/><xf numFmtId="43" fontId="23" fillId="0" borderId="0" applyFont="0" applyFill="0" applyBorder="0" applyAlignment="0" applyProtection="0"/><xf numFmtId="0" fontId="24" fillId="0" borderId="0" applyNumberFormat="0" applyFill="0" applyBorder="0" applyAlignment="0" applyProtection="0"/><xf numFmtId="0" fontId="25" fillId="0" borderId="0" applyNumberFormat="0" applyFill="0" applyBorder="0" applyAlignment="0" applyProtection="0"/><xf numFmtId="0" fontId="24" fillId="0" borderId="0" applyNumberFormat="0" applyFill="0" applyBorder="0" applyAlignment="0" applyProtection="0"/><xf numFmtId="0" fontId="25" fillId="0" borderId="0" applyNumberFormat="0" applyFill="0" applyBorder="0" applyAlignment="0" applyProtection="0"/><xf numFmtId="0" fontId="24" fillId="0" borderId="0" applyNumberFormat="0" applyFill="0" applyBorder="0" applyAlignment="0" applyProtection="0"/><xf numFmtId="0" fontId="25" fillId="0" borderId="0" applyNumberFormat="0" applyFill="0" applyBorder="0" applyAlignment="0" applyProtection="0"/><xf numFmtId="0" fontId="24" fillId="0" borderId="0" applyNumberFormat="0" applyFill="0" applyBorder="0" applyAlignment="0" applyProtection="0"/><xf numFmtId="0" fontId="25" fillId="0" borderId="0" applyNumberFormat="0" applyFill="0" applyBorder="0" applyAlignment="0" applyProtection="0"/><xf numFmtId="0" fontId="24" fillId="0" borderId="0" applyNumberFormat="0" applyFill="0" applyBorder="0" applyAlignment="0" applyProtection="0"/><xf numFmtId="0" fontId="25" fillId="0" borderId="0" applyNumberFormat="0" applyFill="0" applyBorder="0" applyAlignment="0" applyProtection="0"/><xf numFmtId="0" fontId="24" fillId="0" borderId="0" applyNumberFormat="0" applyFill="0" applyBorder="0" applyAlignment="0" applyProtection="0"/><xf numFmtId="0" fontId="25" fillId="0" borderId="0" applyNumberFormat="0" applyFill="0" applyBorder="0" applyAlignment="0" applyProtection="0"/><xf numFmtId="0" fontId="24" fillId="0" borderId="0" applyNumberFormat="0" applyFill="0" applyBorder="0" applyAlignment="0" applyProtection="0"/><xf numFmtId="0" fontId="25" fillId="0" borderId="0" applyNumberFormat="0" applyFill="0" applyBorder="0" applyAlignment="0" applyProtection="0"/><xf numFmtId="0" fontId="24" fillId="0" borderId="0" applyNumberFormat="0" applyFill="0" applyBorder="0" applyAlignment="0" applyProtection="0"/><xf numFmtId="0" fontId="25" fillId="0" borderId="0" applyNumberFormat="0" applyFill="0" applyBorder="0" applyAlignment="0" applyProtection="0"/></cellStyleXfs><cellXfs count="325"><xf numFmtId="0" fontId="0" fillId="0" borderId="0" xfId="0"/><xf numFmtId="0" fontId="1" fillId="2" borderId="1" xfId="0" applyFont="1" applyFill="1" applyBorder="1"/><xf numFmtId="0" fontId="1" fillId="2" borderId="2" xfId="0" applyFont="1" applyFill="1" applyBorder="1"/><xf numFmtId="0" fontId="1" fillId="2" borderId="4" xfId="0" applyFont="1" applyFill="1" applyBorder="1" applyAlignment="1"/><xf numFmtId="0" fontId="1" fillId="2" borderId="0" xfId="0" applyFont="1" applyFill="1" applyBorder="1" applyAlignment="1"/><xf numFmtId="0" fontId="5" fillId="2" borderId="4" xfId="0" applyFont="1" applyFill="1" applyBorder="1" applyAlignment="1"><alignment horizontal="center"/></xf><xf numFmtId="0" fontId="1" fillId="2" borderId="0" xfId="0" applyFont="1" applyFill="1" applyBorder="1" applyAlignment="1"><alignment horizontal="right"/></xf><xf numFmtId="0" fontId="5" fillId="2" borderId="10" xfId="0" applyFont="1" applyFill="1" applyBorder="1" applyAlignment="1"><alignment horizontal="right"/></xf><xf numFmtId="0" fontId="1" fillId="2" borderId="4" xfId="0" applyFont="1" applyFill="1" applyBorder="1"/><xf numFmtId="0" fontId="1" fillId="2" borderId="0" xfId="0" applyFont="1" applyFill="1" applyBorder="1"/><xf numFmtId="0" fontId="7" fillId="2" borderId="0" xfId="0" applyFont="1" applyFill="1" applyBorder="1"/><xf numFmtId="0" fontId="8" fillId="2" borderId="0" xfId="0" applyFont="1" applyFill="1" applyBorder="1"/><xf numFmtId="0" fontId="1" fillId="2" borderId="8" xfId="0" applyFont="1" applyFill="1" applyBorder="1"/><xf numFmtId="0" fontId="1" fillId="2" borderId="18" xfId="0" applyFont="1" applyFill="1" applyBorder="1" applyAlignment="1"><alignment horizontal="center"/></xf><xf numFmtId="0" fontId="1" fillId="2" borderId="19" xfId="0" applyFont="1" applyFill="1" applyBorder="1" applyAlignment="1"><alignment horizontal="center"/></xf><xf numFmtId="0" fontId="5" fillId="2" borderId="19" xfId="0" applyFont="1" applyFill="1" applyBorder="1"/><xf numFmtId="0" fontId="1" fillId="2" borderId="19" xfId="0" applyFont="1" applyFill="1" applyBorder="1"/><xf numFmtId="0" fontId="1" fillId="2" borderId="20" xfId="0" applyFont="1" applyFill="1" applyBorder="1"/><xf numFmtId="0" fontId="9" fillId="0" borderId="19" xfId="0" applyFont="1" applyBorder="1"/><xf numFmtId="0" fontId="1" fillId="2" borderId="21" xfId="0" applyFont="1" applyFill="1" applyBorder="1" applyAlignment="1"><alignment horizontal="center"/></xf><xf numFmtId="0" fontId="1" fillId="2" borderId="3" xfId="0" applyFont="1" applyFill="1" applyBorder="1"/><xf numFmtId="0" fontId="1" fillId="2" borderId="23" xfId="0" applyFont="1" applyFill="1" applyBorder="1" applyAlignment="1"><alignment horizontal="center"/></xf><xf numFmtId="0" fontId="5" fillId="2" borderId="18" xfId="0" applyFont="1" applyFill="1" applyBorder="1" applyAlignment="1"><alignment horizontal="center"/></xf><xf numFmtId="0" fontId="10" fillId="0" borderId="19" xfId="0" applyFont="1" applyBorder="1"/><xf numFmtId="0" fontId="12" fillId="2" borderId="19" xfId="0" applyFont="1" applyFill="1" applyBorder="1"/><xf numFmtId="0" fontId="1" fillId="2" borderId="22" xfId="0" applyFont="1" applyFill="1" applyBorder="1" applyAlignment="1"><alignment horizontal="center"/></xf><xf numFmtId="0" fontId="7" fillId="0" borderId="18" xfId="0" applyFont="1" applyBorder="1" applyAlignment="1"><alignment horizontal="center" vertical="center" wrapText="1"/></xf><xf numFmtId="0" fontId="7" fillId="0" borderId="22" xfId="0" applyFont="1" applyBorder="1" applyAlignment="1"><alignment horizontal="center" vertical="center" wrapText="1"/></xf><xf numFmtId="0" fontId="7" fillId="2" borderId="22" xfId="0" applyFont="1" applyFill="1" applyBorder="1" applyAlignment="1"><alignment horizontal="center" vertical="center" wrapText="1"/></xf><xf numFmtId="0" fontId="7" fillId="2" borderId="18" xfId="0" applyFont="1" applyFill="1" applyBorder="1" applyAlignment="1"><alignment horizontal="center" vertical="center" wrapText="1"/></xf><xf numFmtId="0" fontId="7" fillId="2" borderId="18" xfId="0" applyFont="1" applyFill="1" applyBorder="1" applyAlignment="1"><alignment horizontal="center" vertical="center"/></xf><xf numFmtId="0" fontId="5" fillId="2" borderId="18" xfId="0" applyFont="1" applyFill="1" applyBorder="1" applyAlignment="1"><alignment horizontal="center" vertical="center" wrapText="1"/></xf><xf numFmtId="0" fontId="1" fillId="2" borderId="18" xfId="0" applyFont="1" applyFill="1" applyBorder="1"/><xf numFmtId="0" fontId="1" fillId="2" borderId="22" xfId="0" applyFont="1" applyFill="1" applyBorder="1"/><xf numFmtId="0" fontId="1" fillId="2" borderId="23" xfId="0" applyFont="1" applyFill="1" applyBorder="1"/><xf numFmtId="0" fontId="1" fillId="0" borderId="0" xfId="0" applyFont="1" applyBorder="1"/><xf numFmtId="0" fontId="5" fillId="2" borderId="0" xfId="0" applyFont="1" applyFill="1" applyBorder="1"/><xf numFmtId="0" fontId="5" fillId="2" borderId="0" xfId="0" applyFont="1" applyFill="1" applyBorder="1" applyAlignment="1"/><xf numFmtId="0" fontId="1" fillId="2" borderId="21" xfId="0" applyFont="1" applyFill="1" applyBorder="1"/><xf numFmtId="0" fontId="1" fillId="2" borderId="7" xfId="0" applyFont="1" applyFill="1" applyBorder="1"/><xf numFmtId="0" fontId="7" fillId="2" borderId="0" xfId="0" applyFont="1" applyFill="1" applyBorder="1" applyAlignment="1"/><xf numFmtId="0" fontId="8" fillId="2" borderId="0" xfId="0" applyFont="1" applyFill="1" applyBorder="1" applyAlignment="1"/><xf numFmtId="0" fontId="1" fillId="2" borderId="18" xfId="0" applyFont="1" applyFill="1" applyBorder="1" applyAlignment="1"><alignment horizontal="left"/></xf><xf numFmtId="0" fontId="1" fillId="2" borderId="22" xfId="0" applyFont="1" applyFill="1" applyBorder="1" applyAlignment="1"><alignment horizontal="left"/></xf><xf numFmtId="0" fontId="13" fillId="0" borderId="0" xfId="0" applyFont="1"/><xf numFmtId="0" fontId="14" fillId="0" borderId="0" xfId="0" applyFont="1"/><xf numFmtId="0" fontId="14" fillId="0" borderId="17" xfId="0" applyFont="1" applyBorder="1"/><xf numFmtId="0" fontId="14" fillId="0" borderId="9" xfId="0" applyFont="1" applyBorder="1"/><xf numFmtId="0" fontId="14" fillId="0" borderId="16" xfId="0" applyFont="1" applyBorder="1" applyAlignment="1"><alignment horizontal="left" indent="1"/></xf><xf numFmtId="0" fontId="14" fillId="0" borderId="14" xfId="0" applyFont="1" applyBorder="1" applyAlignment="1"><alignment horizontal="left" indent="1"/></xf><xf numFmtId="0" fontId="14" fillId="0" borderId="15" xfId="0" applyFont="1" applyBorder="1"/><xf numFmtId="0" fontId="14" fillId="0" borderId="0" xfId="0" applyFont="1" applyBorder="1"/><xf numFmtId="0" fontId="14" fillId="0" borderId="0" xfId="0" applyFont="1" applyBorder="1" applyAlignment="1"><alignment horizontal="left" indent="1"/></xf><xf numFmtId="0" fontId="14" fillId="0" borderId="14" xfId="0" applyFont="1" applyBorder="1" applyAlignment="1"><alignment horizontal="left"/></xf><xf numFmtId="0" fontId="15" fillId="0" borderId="0" xfId="0" quotePrefix="1" applyFont="1" applyBorder="1"/><xf numFmtId="0" fontId="14" fillId="0" borderId="0" xfId="0" quotePrefix="1" applyFont="1" applyBorder="1" applyAlignment="1"><alignment horizontal="left"/></xf><xf numFmtId="0" fontId="14" fillId="0" borderId="0" xfId="0" applyFont="1" applyBorder="1" applyAlignment="1"><alignment horizontal="right" indent="1"/></xf><xf numFmtId="0" fontId="14" fillId="0" borderId="0" xfId="0" quotePrefix="1" applyFont="1" applyBorder="1" applyAlignment="1"><alignment horizontal="center"/></xf><xf numFmtId="0" fontId="14" fillId="0" borderId="0" xfId="0" applyFont="1" applyBorder="1" applyAlignment="1"><alignment horizontal="right"/></xf><xf numFmtId="0" fontId="14" fillId="0" borderId="0" xfId="0" quotePrefix="1" applyFont="1" applyBorder="1"/><xf numFmtId="0" fontId="14" fillId="0" borderId="0" xfId="0" applyFont="1" applyBorder="1" applyAlignment="1"><alignment horizontal="left" indent="2"/></xf><xf numFmtId="0" fontId="16" fillId="0" borderId="0" xfId="0" applyFont="1" applyBorder="1" applyAlignment="1"><alignment horizontal="left" indent="1"/></xf><xf numFmtId="0" fontId="16" fillId="0" borderId="0" xfId="0" applyFont="1" applyBorder="1"/><xf numFmtId="0" fontId="16" fillId="0" borderId="0" xfId="0" applyFont="1" applyBorder="1" applyAlignment="1"><alignment horizontal="right" indent="1"/></xf><xf numFmtId="0" fontId="16" fillId="0" borderId="0" xfId="0" applyFont="1" applyBorder="1" applyAlignment="1"><alignment horizontal="center"/></xf><xf numFmtId="0" fontId="16" fillId="0" borderId="14" xfId="0" applyFont="1" applyBorder="1" applyAlignment="1"><alignment horizontal="left"/></xf><xf numFmtId="0" fontId="15" fillId="0" borderId="0" xfId="0" applyFont="1" applyBorder="1" applyAlignment="1"><alignment horizontal="left" indent="1"/></xf><xf numFmtId="0" fontId="15" fillId="0" borderId="14" xfId="0" applyFont="1" applyBorder="1" applyAlignment="1"><alignment horizontal="left" indent="1"/></xf><xf numFmtId="0" fontId="14" fillId="0" borderId="0" xfId="0" applyFont="1" applyBorder="1" applyAlignment="1"><alignment horizontal="left"/></xf><xf numFmtId="0" fontId="16" fillId="0" borderId="0" xfId="0" applyFont="1" applyBorder="1" applyAlignment="1"><alignment horizontal="left"/></xf><xf numFmtId="0" fontId="15" fillId="0" borderId="0" xfId="0" applyFont="1" applyBorder="1"/><xf numFmtId="0" fontId="14" fillId="0" borderId="13" xfId="0" applyFont="1" applyBorder="1"/><xf numFmtId="0" fontId="14" fillId="0" borderId="11" xfId="0" applyFont="1" applyBorder="1"/><xf numFmtId="0" fontId="15" fillId="0" borderId="12" xfId="0" applyFont="1" applyBorder="1"/><xf numFmtId="0" fontId="14" fillId="0" borderId="25" xfId="0" applyFont="1" applyBorder="1"/><xf numFmtId="0" fontId="14" fillId="0" borderId="26" xfId="0" applyFont="1" applyBorder="1"/><xf numFmtId="0" fontId="15" fillId="0" borderId="25" xfId="0" applyFont="1" applyBorder="1"/><xf numFmtId="0" fontId="13" fillId="0" borderId="28" xfId="0" applyFont="1" applyBorder="1"/><xf numFmtId="0" fontId="13" fillId="0" borderId="30" xfId="0" applyFont="1" applyBorder="1"/><xf numFmtId="0" fontId="13" fillId="0" borderId="0" xfId="0" applyFont="1" applyBorder="1"/><xf numFmtId="0" fontId="13" fillId="0" borderId="0" xfId="0" applyFont="1" applyAlignment="1"><alignment vertical="center"/></xf><xf numFmtId="0" fontId="13" fillId="0" borderId="37" xfId="0" applyFont="1" applyBorder="1"/><xf numFmtId="0" fontId="13" fillId="0" borderId="38" xfId="0" applyFont="1" applyBorder="1"/><xf numFmtId="0" fontId="13" fillId="0" borderId="39" xfId="0" applyFont="1" applyBorder="1"/><xf numFmtId="0" fontId="13" fillId="0" borderId="40" xfId="0" applyFont="1" applyBorder="1"/><xf numFmtId="0" fontId="13" fillId="0" borderId="25" xfId="0" applyFont="1" applyBorder="1"/><xf numFmtId="0" fontId="13" fillId="0" borderId="29" xfId="0" applyFont="1" applyBorder="1"/><xf numFmtId="0" fontId="13" fillId="0" borderId="18" xfId="0" applyFont="1" applyBorder="1"/><xf numFmtId="0" fontId="13" fillId="0" borderId="0" xfId="0" applyFont="1" applyAlignment="1"><alignment horizontal="left" vertical="center"/></xf><xf numFmtId="0" fontId="13" fillId="0" borderId="31" xfId="0" applyFont="1" applyBorder="1"/><xf numFmtId="0" fontId="18" fillId="0" borderId="0" xfId="0" applyFont="1"/><xf numFmtId="0" fontId="18" fillId="0" borderId="41" xfId="0" applyFont="1" applyBorder="1"/><xf numFmtId="0" fontId="13" fillId="0" borderId="35" xfId="0" applyFont="1" applyBorder="1"/><xf numFmtId="0" fontId="13" fillId="0" borderId="6" xfId="0" applyFont="1" applyBorder="1"/><xf numFmtId="0" fontId="13" fillId="0" borderId="7" xfId="0" applyFont="1" applyBorder="1"/><xf numFmtId="0" fontId="13" fillId="0" borderId="5" xfId="0" applyFont="1" applyBorder="1"/><xf numFmtId="0" fontId="13" fillId="0" borderId="22" xfId="0" applyFont="1" applyBorder="1"/><xf numFmtId="0" fontId="13" fillId="0" borderId="0" xfId="0" applyFont="1" applyAlignment="1"><alignment horizontal="left" indent="1"/></xf><xf numFmtId="0" fontId="13" fillId="0" borderId="8" xfId="0" applyFont="1" applyBorder="1"/><xf numFmtId="0" fontId="13" fillId="0" borderId="4" xfId="0" applyFont="1" applyBorder="1"/><xf numFmtId="0" fontId="18" fillId="0" borderId="0" xfId="0" applyFont="1" applyAlignment="1"><alignment vertical="center"/></xf><xf numFmtId="0" fontId="18" fillId="0" borderId="46" xfId="0" applyFont="1" applyBorder="1" applyAlignment="1"><alignment vertical="center"/></xf><xf numFmtId="0" fontId="18" fillId="0" borderId="19" xfId="0" applyFont="1" applyBorder="1" applyAlignment="1"><alignment vertical="center"/></xf><xf numFmtId="0" fontId="18" fillId="0" borderId="20" xfId="0" applyFont="1" applyBorder="1" applyAlignment="1"><alignment horizontal="right" vertical="center"/></xf><xf numFmtId="0" fontId="18" fillId="0" borderId="47" xfId="0" applyFont="1" applyBorder="1" applyAlignment="1"><alignment vertical="center"/></xf><xf numFmtId="0" fontId="13" fillId="0" borderId="35" xfId="0" applyFont="1" applyBorder="1" applyAlignment="1"><alignment horizontal="left" vertical="center"/></xf><xf numFmtId="0" fontId="13" fillId="0" borderId="0" xfId="0" applyFont="1" applyBorder="1" applyAlignment="1"><alignment horizontal="left" vertical="center"/></xf><xf numFmtId="0" fontId="13" fillId="0" borderId="0" xfId="0" applyFont="1" applyAlignment="1"><alignment horizontal="right" vertical="center"/></xf><xf numFmtId="0" fontId="13" fillId="0" borderId="36" xfId="0" applyFont="1" applyBorder="1" applyAlignment="1"><alignment horizontal="left" vertical="center"/></xf><xf numFmtId="0" fontId="13" fillId="0" borderId="31" xfId="0" applyFont="1" applyBorder="1" applyAlignment="1"><alignment horizontal="left" vertical="center"/></xf><xf numFmtId="0" fontId="19" fillId="0" borderId="0" xfId="0" applyFont="1" applyAlignment="1"><alignment horizontal="center"/></xf><xf numFmtId="0" fontId="20" fillId="0" borderId="0" xfId="0" applyFont="1" applyAlignment="1"><alignment horizontal="center"/></xf><xf numFmtId="0" fontId="21" fillId="0" borderId="0" xfId="0" applyFont="1" applyAlignment="1"><alignment horizontal="center"/></xf><xf numFmtId="0" fontId="13" fillId="0" borderId="0" xfId="0" applyFont="1" applyAlignment="1"><alignment horizontal="center"/></xf><xf numFmtId="0" fontId="22" fillId="0" borderId="0" xfId="0" applyFont="1"/><xf numFmtId="0" fontId="22" fillId="0" borderId="25" xfId="0" applyFont="1" applyBorder="1"/><xf numFmtId="0" fontId="22" fillId="0" borderId="41" xfId="0" applyFont="1" applyBorder="1"/><xf numFmtId="0" fontId="1" fillId="2" borderId="6" xfId="0" applyFont="1" applyFill="1" applyBorder="1"/><xf numFmtId="0" fontId="6" fillId="2" borderId="1" xfId="0" applyFont="1" applyFill="1" applyBorder="1"/><xf numFmtId="0" fontId="6" fillId="2" borderId="2" xfId="0" applyFont="1" applyFill="1" applyBorder="1"/><xf numFmtId="0" fontId="7" fillId="2" borderId="2" xfId="0" applyFont="1" applyFill="1" applyBorder="1"/><xf numFmtId="0" fontId="7" fillId="2" borderId="3" xfId="0" applyFont="1" applyFill="1" applyBorder="1"/><xf numFmtId="0" fontId="8" fillId="2" borderId="4" xfId="0" applyFont="1" applyFill="1" applyBorder="1"/><xf numFmtId="0" fontId="7" fillId="2" borderId="8" xfId="0" applyFont="1" applyFill="1" applyBorder="1"/><xf numFmtId="0" fontId="8" fillId="2" borderId="4" xfId="0" applyFont="1" applyFill="1" applyBorder="1" applyAlignment="1"/><xf numFmtId="0" fontId="1" fillId="2" borderId="6" xfId="0" applyFont="1" applyFill="1" applyBorder="1" applyAlignment="1"><alignment horizontal="center"/></xf><xf numFmtId="0" fontId="5" fillId="2" borderId="6" xfId="0" applyFont="1" applyFill="1" applyBorder="1" applyAlignment="1"><alignment horizontal="left"/></xf><xf numFmtId="0" fontId="5" fillId="2" borderId="6" xfId="0" applyFont="1" applyFill="1" applyBorder="1"/><xf numFmtId="0" fontId="1" fillId="2" borderId="5" xfId="0" applyFont="1" applyFill="1" applyBorder="1"/><xf numFmtId="0" fontId="7" fillId="2" borderId="8" xfId="0" applyFont="1" applyFill="1" applyBorder="1" applyAlignment="1"/><xf numFmtId="0" fontId="0" fillId="2" borderId="0" xfId="0" applyFill="1"/><xf numFmtId="0" fontId="0" fillId="2" borderId="0" xfId="0" applyFill="1" applyBorder="1"/><xf numFmtId="0" fontId="0" fillId="2" borderId="8" xfId="0" applyFill="1" applyBorder="1"/><xf numFmtId="0" fontId="5" fillId="2" borderId="0" xfId="0" applyFont="1" applyFill="1" applyBorder="1" applyAlignment="1"><alignment horizontal="center"/></xf><xf numFmtId="0" fontId="1" fillId="2" borderId="5" xfId="0" applyFont="1" applyFill="1" applyBorder="1" applyAlignment="1"><alignment horizontal="left"/></xf><xf numFmtId="0" fontId="5" fillId="2" borderId="19" xfId="0" applyFont="1" applyFill="1" applyBorder="1" applyAlignment="1"><alignment horizontal="center"/></xf><xf numFmtId="0" fontId="11" fillId="2" borderId="22" xfId="0" applyFont="1" applyFill="1" applyBorder="1" applyAlignment="1"/><xf numFmtId="0" fontId="11" fillId="2" borderId="19" xfId="0" applyFont="1" applyFill="1" applyBorder="1" applyAlignment="1"/><xf numFmtId="43" fontId="1" fillId="2" borderId="18" xfId="1" applyFont="1" applyFill="1" applyBorder="1"/><xf numFmtId="0" fontId="1" fillId="2" borderId="2" xfId="0" applyFont="1" applyFill="1" applyBorder="1" applyAlignment="1"><alignment horizontal="left" vertical="center"/></xf><xf numFmtId="0" fontId="5" fillId="2" borderId="2" xfId="0" applyFont="1" applyFill="1" applyBorder="1" applyAlignment="1"><alignment horizontal="left" vertical="center"/></xf><xf numFmtId="0" fontId="5" fillId="2" borderId="2" xfId="0" applyFont="1" applyFill="1" applyBorder="1" applyAlignment="1"><alignment horizontal="center"/></xf><xf numFmtId="0" fontId="5" fillId="2" borderId="2" xfId="0" applyFont="1" applyFill="1" applyBorder="1"/><xf numFmtId="0" fontId="5" fillId="2" borderId="21" xfId="0" applyFont="1" applyFill="1" applyBorder="1"/><xf numFmtId="0" fontId="5" fillId="2" borderId="18" xfId="0" applyFont="1" applyFill="1" applyBorder="1"/><xf numFmtId="0" fontId="1" fillId="2" borderId="2" xfId="0" applyFont="1" applyFill="1" applyBorder="1" applyAlignment="1"><alignment horizontal="center"/></xf><xf numFmtId="0" fontId="8" fillId="2" borderId="5" xfId="0" applyFont="1" applyFill="1" applyBorder="1"/><xf numFmtId="0" fontId="5" fillId="2" borderId="1" xfId="0" applyFont="1" applyFill="1" applyBorder="1" applyAlignment="1"><alignment horizontal="left" vertical="center"/></xf><xf numFmtId="0" fontId="1" fillId="2" borderId="1" xfId="0" applyFont="1" applyFill="1" applyBorder="1" applyAlignment="1"><alignment horizontal="left" vertical="center"/></xf><xf numFmtId="0" fontId="5" fillId="2" borderId="22" xfId="0" applyFont="1" applyFill="1" applyBorder="1" applyAlignment="1"><alignment horizontal="left" vertical="center"/></xf><xf numFmtId="0" fontId="5" fillId="2" borderId="19" xfId="0" applyFont="1" applyFill="1" applyBorder="1" applyAlignment="1"><alignment horizontal="left" vertical="center"/></xf><xf numFmtId="0" fontId="1" fillId="2" borderId="2" xfId="0" applyFont="1" applyFill="1" applyBorder="1" applyAlignment="1"/><xf numFmtId="0" fontId="5" fillId="2" borderId="0" xfId="0" applyFont="1" applyFill="1" applyBorder="1" applyAlignment="1"><alignment horizontal="center"/></xf><xf numFmtId="0" fontId="1" fillId="2" borderId="52" xfId="0" applyFont="1" applyFill="1" applyBorder="1" applyAlignment="1"><alignment horizontal="left"/></xf><xf numFmtId="0" fontId="5" fillId="2" borderId="19" xfId="0" applyFont="1" applyFill="1" applyBorder="1" applyAlignment="1"><alignment horizontal="center"/></xf><xf numFmtId="0" fontId="28" fillId="2" borderId="1" xfId="0" applyFont="1" applyFill="1" applyBorder="1"/><xf numFmtId="0" fontId="28" fillId="2" borderId="2" xfId="0" applyFont="1" applyFill="1" applyBorder="1"/><xf numFmtId="0" fontId="29" fillId="2" borderId="2" xfId="0" applyFont="1" applyFill="1" applyBorder="1"/><xf numFmtId="0" fontId="28" fillId="2" borderId="4" xfId="0" applyFont="1" applyFill="1" applyBorder="1" applyAlignment="1"/><xf numFmtId="0" fontId="28" fillId="2" borderId="0" xfId="0" applyFont="1" applyFill="1" applyBorder="1"/><xf numFmtId="0" fontId="29" fillId="2" borderId="0" xfId="0" applyFont="1" applyFill="1" applyBorder="1"/><xf numFmtId="0" fontId="28" fillId="2" borderId="4" xfId="0" applyFont="1" applyFill="1" applyBorder="1"/><xf numFmtId="0" fontId="30" fillId="2" borderId="0" xfId="0" applyFont="1" applyFill="1" applyBorder="1"/><xf numFmtId="0" fontId="31" fillId="2" borderId="0" xfId="0" applyFont="1" applyFill="1" applyBorder="1"/><xf numFmtId="0" fontId="5" fillId="2" borderId="3" xfId="0" applyFont="1" applyFill="1" applyBorder="1"/><xf numFmtId="0" fontId="5" fillId="2" borderId="18" xfId="0" applyFont="1" applyFill="1" applyBorder="1" applyAlignment="1"><alignment horizontal="center" vertical="center"/></xf><xf numFmtId="0" fontId="1" fillId="2" borderId="18" xfId="0" applyFont="1" applyFill="1" applyBorder="1" applyAlignment="1"><alignment horizontal="center" vertical="center"/></xf><xf numFmtId="4" fontId="3" fillId="2" borderId="24" xfId="0" applyNumberFormat="1" applyFont="1" applyFill="1" applyBorder="1"/><xf numFmtId="43" fontId="3" fillId="2" borderId="24" xfId="1" applyFont="1" applyFill="1" applyBorder="1"/><xf numFmtId="43" fontId="3" fillId="2" borderId="24" xfId="0" applyNumberFormat="1" applyFont="1" applyFill="1" applyBorder="1"/><xf numFmtId="0" fontId="13" fillId="3" borderId="18" xfId="0" applyFont="1" applyFill="1" applyBorder="1"/><xf numFmtId="0" fontId="32" fillId="0" borderId="0" xfId="0" applyFont="1"/><xf numFmtId="0" fontId="32" fillId="0" borderId="0" xfId="0" applyFont="1" applyAlignment="1"><alignment horizontal="left"/></xf><xf numFmtId="0" fontId="13" fillId="3" borderId="9" xfId="0" applyFont="1" applyFill="1" applyBorder="1" applyAlignment="1"><alignment horizontal="left" vertical="center"/></xf><xf numFmtId="0" fontId="13" fillId="3" borderId="49" xfId="0" applyFont="1" applyFill="1" applyBorder="1" applyAlignment="1"><alignment horizontal="left" vertical="center"/></xf><xf numFmtId="0" fontId="18" fillId="3" borderId="19" xfId="0" applyFont="1" applyFill="1" applyBorder="1" applyAlignment="1"><alignment vertical="center"/></xf><xf numFmtId="0" fontId="18" fillId="3" borderId="46" xfId="0" applyFont="1" applyFill="1" applyBorder="1" applyAlignment="1"><alignment vertical="center"/></xf><xf numFmtId="0" fontId="33" fillId="0" borderId="0" xfId="0" applyFont="1"/><xf numFmtId="0" fontId="33" fillId="0" borderId="0" xfId="0" applyFont="1" applyAlignment="1"/><xf numFmtId="0" fontId="33" fillId="0" borderId="53" xfId="0" applyFont="1" applyBorder="1"/><xf numFmtId="0" fontId="34" fillId="0" borderId="14" xfId="0" applyFont="1" applyBorder="1" applyAlignment="1"><alignment horizontal="left"/></xf><xf numFmtId="0" fontId="34" fillId="0" borderId="14" xfId="0" applyFont="1" applyBorder="1" applyAlignment="1"><alignment horizontal="left" indent="1"/></xf><xf numFmtId="0" fontId="34" fillId="0" borderId="0" xfId="0" applyFont="1" applyBorder="1" applyAlignment="1"><alignment horizontal="left" indent="1"/></xf><xf numFmtId="0" fontId="3" fillId="2" borderId="54" xfId="0" applyFont="1" applyFill="1" applyBorder="1" applyAlignment="1"><alignment vertical="center"/></xf><xf numFmtId="0" fontId="3" fillId="2" borderId="55" xfId="0" applyFont="1" applyFill="1" applyBorder="1" applyAlignment="1"><alignment vertical="center"/></xf><xf numFmtId="0" fontId="3" fillId="2" borderId="56" xfId="0" applyFont="1" applyFill="1" applyBorder="1" applyAlignment="1"><alignment vertical="center"/></xf><xf numFmtId="0" fontId="8" fillId="2" borderId="56" xfId="0" applyFont="1" applyFill="1" applyBorder="1" applyAlignment="1"><alignment vertical="center"/></xf><xf numFmtId="0" fontId="13" fillId="0" borderId="0" xfId="0" applyFont="1" applyFill="1" applyAlignment="1"/><xf numFmtId="0" fontId="13" fillId="0" borderId="8" xfId="0" applyFont="1" applyFill="1" applyBorder="1" applyAlignment="1"/><xf numFmtId="0" fontId="13" fillId="0" borderId="45" xfId="0" applyFont="1" applyBorder="1" applyAlignment="1"><alignment horizontal="center" vertical="top" wrapText="1"/></xf><xf numFmtId="0" fontId="13" fillId="0" borderId="2" xfId="0" applyFont="1" applyBorder="1" applyAlignment="1"><alignment horizontal="center" vertical="top" wrapText="1"/></xf><xf numFmtId="0" fontId="13" fillId="0" borderId="3" xfId="0" applyFont="1" applyBorder="1" applyAlignment="1"><alignment horizontal="center" vertical="top" wrapText="1"/></xf><xf numFmtId="0" fontId="13" fillId="0" borderId="31" xfId="0" applyFont="1" applyBorder="1" applyAlignment="1"><alignment horizontal="center" vertical="top" wrapText="1"/></xf><xf numFmtId="0" fontId="13" fillId="0" borderId="0" xfId="0" applyFont="1" applyBorder="1" applyAlignment="1"><alignment horizontal="center" vertical="top" wrapText="1"/></xf><xf numFmtId="0" fontId="13" fillId="0" borderId="8" xfId="0" applyFont="1" applyBorder="1" applyAlignment="1"><alignment horizontal="center" vertical="top" wrapText="1"/></xf><xf numFmtId="0" fontId="13" fillId="0" borderId="29" xfId="0" applyFont="1" applyBorder="1" applyAlignment="1"><alignment horizontal="center" vertical="top" wrapText="1"/></xf><xf numFmtId="0" fontId="13" fillId="0" borderId="28" xfId="0" applyFont="1" applyBorder="1" applyAlignment="1"><alignment horizontal="center" vertical="top" wrapText="1"/></xf><xf numFmtId="0" fontId="13" fillId="0" borderId="43" xfId="0" applyFont="1" applyBorder="1" applyAlignment="1"><alignment horizontal="center" vertical="top" wrapText="1"/></xf><xf numFmtId="0" fontId="13" fillId="0" borderId="34" xfId="0" applyFont="1" applyBorder="1" applyAlignment="1"><alignment horizontal="center" vertical="center"/></xf><xf numFmtId="0" fontId="13" fillId="0" borderId="33" xfId="0" applyFont="1" applyBorder="1" applyAlignment="1"><alignment horizontal="center" vertical="center"/></xf><xf numFmtId="0" fontId="13" fillId="0" borderId="32" xfId="0" applyFont="1" applyBorder="1" applyAlignment="1"><alignment horizontal="center" vertical="center"/></xf><xf numFmtId="0" fontId="13" fillId="0" borderId="41" xfId="0" applyFont="1" applyBorder="1" applyAlignment="1"><alignment horizontal="center" vertical="center"/></xf><xf numFmtId="0" fontId="13" fillId="0" borderId="25" xfId="0" applyFont="1" applyBorder="1" applyAlignment="1"><alignment horizontal="center" vertical="center"/></xf><xf numFmtId="0" fontId="13" fillId="0" borderId="40" xfId="0" applyFont="1" applyBorder="1" applyAlignment="1"><alignment horizontal="center" vertical="center"/></xf><xf numFmtId="0" fontId="13" fillId="0" borderId="36" xfId="0" applyFont="1" applyBorder="1" applyAlignment="1"><alignment horizontal="center" vertical="center"/></xf><xf numFmtId="0" fontId="13" fillId="0" borderId="6" xfId="0" applyFont="1" applyBorder="1" applyAlignment="1"><alignment horizontal="center" vertical="center"/></xf><xf numFmtId="0" fontId="13" fillId="0" borderId="35" xfId="0" applyFont="1" applyBorder="1" applyAlignment="1"><alignment horizontal="center" vertical="center"/></xf><xf numFmtId="0" fontId="13" fillId="0" borderId="1" xfId="0" applyFont="1" applyBorder="1" applyAlignment="1"><alignment horizontal="left" vertical="top" wrapText="1"/></xf><xf numFmtId="0" fontId="13" fillId="0" borderId="2" xfId="0" applyFont="1" applyBorder="1" applyAlignment="1"><alignment horizontal="left" vertical="top" wrapText="1"/></xf><xf numFmtId="0" fontId="13" fillId="0" borderId="44" xfId="0" applyFont="1" applyBorder="1" applyAlignment="1"><alignment horizontal="left" vertical="top" wrapText="1"/></xf><xf numFmtId="0" fontId="13" fillId="0" borderId="4" xfId="0" applyFont="1" applyBorder="1" applyAlignment="1"><alignment horizontal="left" vertical="top" wrapText="1"/></xf><xf numFmtId="0" fontId="13" fillId="0" borderId="0" xfId="0" applyFont="1" applyBorder="1" applyAlignment="1"><alignment horizontal="left" vertical="top" wrapText="1"/></xf><xf numFmtId="0" fontId="13" fillId="0" borderId="30" xfId="0" applyFont="1" applyBorder="1" applyAlignment="1"><alignment horizontal="left" vertical="top" wrapText="1"/></xf><xf numFmtId="0" fontId="13" fillId="0" borderId="5" xfId="0" applyFont="1" applyBorder="1" applyAlignment="1"><alignment horizontal="left" vertical="top" wrapText="1"/></xf><xf numFmtId="0" fontId="13" fillId="0" borderId="6" xfId="0" applyFont="1" applyBorder="1" applyAlignment="1"><alignment horizontal="left" vertical="top" wrapText="1"/></xf><xf numFmtId="0" fontId="13" fillId="0" borderId="35" xfId="0" applyFont="1" applyBorder="1" applyAlignment="1"><alignment horizontal="left" vertical="top" wrapText="1"/></xf><xf numFmtId="0" fontId="13" fillId="0" borderId="1" xfId="0" applyFont="1" applyBorder="1" applyAlignment="1"><alignment horizontal="left" vertical="center"/></xf><xf numFmtId="0" fontId="13" fillId="0" borderId="2" xfId="0" applyFont="1" applyBorder="1" applyAlignment="1"><alignment horizontal="left" vertical="center"/></xf><xf numFmtId="0" fontId="13" fillId="0" borderId="3" xfId="0" applyFont="1" applyBorder="1" applyAlignment="1"><alignment horizontal="left" vertical="center"/></xf><xf numFmtId="0" fontId="13" fillId="0" borderId="4" xfId="0" applyFont="1" applyBorder="1" applyAlignment="1"><alignment horizontal="left" vertical="center"/></xf><xf numFmtId="0" fontId="13" fillId="0" borderId="0" xfId="0" applyFont="1" applyBorder="1" applyAlignment="1"><alignment horizontal="left" vertical="center"/></xf><xf numFmtId="0" fontId="13" fillId="0" borderId="8" xfId="0" applyFont="1" applyBorder="1" applyAlignment="1"><alignment horizontal="left" vertical="center"/></xf><xf numFmtId="0" fontId="13" fillId="0" borderId="5" xfId="0" applyFont="1" applyBorder="1" applyAlignment="1"><alignment horizontal="left" vertical="center"/></xf><xf numFmtId="0" fontId="13" fillId="0" borderId="6" xfId="0" applyFont="1" applyBorder="1" applyAlignment="1"><alignment horizontal="left" vertical="center"/></xf><xf numFmtId="0" fontId="13" fillId="0" borderId="7" xfId="0" applyFont="1" applyBorder="1" applyAlignment="1"><alignment horizontal="left" vertical="center"/></xf><xf numFmtId="0" fontId="13" fillId="3" borderId="22" xfId="0" applyFont="1" applyFill="1" applyBorder="1" applyAlignment="1"><alignment horizontal="left"/></xf><xf numFmtId="0" fontId="13" fillId="3" borderId="19" xfId="0" applyFont="1" applyFill="1" applyBorder="1" applyAlignment="1"><alignment horizontal="left"/></xf><xf numFmtId="0" fontId="13" fillId="3" borderId="20" xfId="0" applyFont="1" applyFill="1" applyBorder="1" applyAlignment="1"><alignment horizontal="left"/></xf><xf numFmtId="0" fontId="13" fillId="0" borderId="42" xfId="0" applyFont="1" applyBorder="1" applyAlignment="1"><alignment horizontal="left" vertical="center"/></xf><xf numFmtId="0" fontId="13" fillId="0" borderId="28" xfId="0" applyFont="1" applyBorder="1" applyAlignment="1"><alignment horizontal="left" vertical="center"/></xf><xf numFmtId="0" fontId="13" fillId="0" borderId="43" xfId="0" applyFont="1" applyBorder="1" applyAlignment="1"><alignment horizontal="left" vertical="center"/></xf><xf numFmtId="0" fontId="13" fillId="0" borderId="31" xfId="0" applyFont="1" applyBorder="1" applyAlignment="1"><alignment horizontal="center" vertical="center"/></xf><xf numFmtId="0" fontId="13" fillId="0" borderId="0" xfId="0" applyFont="1" applyBorder="1" applyAlignment="1"><alignment horizontal="center" vertical="center"/></xf><xf numFmtId="0" fontId="13" fillId="0" borderId="30" xfId="0" applyFont="1" applyBorder="1" applyAlignment="1"><alignment horizontal="center" vertical="center"/></xf><xf numFmtId="0" fontId="13" fillId="0" borderId="29" xfId="0" applyFont="1" applyBorder="1" applyAlignment="1"><alignment horizontal="center" vertical="center"/></xf><xf numFmtId="0" fontId="13" fillId="0" borderId="28" xfId="0" applyFont="1" applyBorder="1" applyAlignment="1"><alignment horizontal="center" vertical="center"/></xf><xf numFmtId="0" fontId="13" fillId="0" borderId="27" xfId="0" applyFont="1" applyBorder="1" applyAlignment="1"><alignment horizontal="center" vertical="center"/></xf><xf numFmtId="0" fontId="13" fillId="3" borderId="45" xfId="0" applyFont="1" applyFill="1" applyBorder="1" applyAlignment="1"><alignment horizontal="center"/></xf><xf numFmtId="0" fontId="13" fillId="3" borderId="2" xfId="0" applyFont="1" applyFill="1" applyBorder="1" applyAlignment="1"><alignment horizontal="center"/></xf><xf numFmtId="0" fontId="13" fillId="3" borderId="44" xfId="0" applyFont="1" applyFill="1" applyBorder="1" applyAlignment="1"><alignment horizontal="center"/></xf><xf numFmtId="0" fontId="13" fillId="3" borderId="29" xfId="0" applyFont="1" applyFill="1" applyBorder="1" applyAlignment="1"><alignment horizontal="center"/></xf><xf numFmtId="0" fontId="13" fillId="3" borderId="28" xfId="0" applyFont="1" applyFill="1" applyBorder="1" applyAlignment="1"><alignment horizontal="center"/></xf><xf numFmtId="0" fontId="13" fillId="3" borderId="27" xfId="0" applyFont="1" applyFill="1" applyBorder="1" applyAlignment="1"><alignment horizontal="center"/></xf><xf numFmtId="0" fontId="13" fillId="0" borderId="22" xfId="0" applyFont="1" applyFill="1" applyBorder="1" applyAlignment="1"><alignment horizontal="left"/></xf><xf numFmtId="0" fontId="13" fillId="0" borderId="19" xfId="0" applyFont="1" applyFill="1" applyBorder="1" applyAlignment="1"><alignment horizontal="left"/></xf><xf numFmtId="0" fontId="13" fillId="0" borderId="20" xfId="0" applyFont="1" applyFill="1" applyBorder="1" applyAlignment="1"><alignment horizontal="left"/></xf><xf numFmtId="0" fontId="34" fillId="0" borderId="14" xfId="0" applyFont="1" applyBorder="1" applyAlignment="1"><alignment horizontal="center"/></xf><xf numFmtId="0" fontId="34" fillId="0" borderId="0" xfId="0" applyFont="1" applyAlignment="1"><alignment horizontal="center"/></xf><xf numFmtId="0" fontId="34" fillId="0" borderId="15" xfId="0" applyFont="1" applyBorder="1" applyAlignment="1"><alignment horizontal="center"/></xf><xf numFmtId="0" fontId="13" fillId="3" borderId="51" xfId="0" applyFont="1" applyFill="1" applyBorder="1" applyAlignment="1"><alignment horizontal="left" vertical="center"/></xf><xf numFmtId="0" fontId="13" fillId="3" borderId="48" xfId="0" applyFont="1" applyFill="1" applyBorder="1" applyAlignment="1"><alignment horizontal="left" vertical="center"/></xf><xf numFmtId="0" fontId="22" fillId="0" borderId="50" xfId="0" applyFont="1" applyBorder="1" applyAlignment="1"><alignment horizontal="center"/></xf><xf numFmtId="0" fontId="22" fillId="0" borderId="38" xfId="0" applyFont="1" applyBorder="1" applyAlignment="1"><alignment horizontal="center"/></xf><xf numFmtId="0" fontId="22" fillId="0" borderId="37" xfId="0" applyFont="1" applyBorder="1" applyAlignment="1"><alignment horizontal="center"/></xf><xf numFmtId="0" fontId="13" fillId="0" borderId="42" xfId="0" applyFont="1" applyBorder="1" applyAlignment="1"><alignment horizontal="left" vertical="top" wrapText="1"/></xf><xf numFmtId="0" fontId="13" fillId="0" borderId="28" xfId="0" applyFont="1" applyBorder="1" applyAlignment="1"><alignment horizontal="left" vertical="top" wrapText="1"/></xf><xf numFmtId="0" fontId="13" fillId="0" borderId="27" xfId="0" applyFont="1" applyBorder="1" applyAlignment="1"><alignment horizontal="left" vertical="top" wrapText="1"/></xf><xf numFmtId="0" fontId="35" fillId="0" borderId="14" xfId="0" applyFont="1" applyBorder="1" applyAlignment="1"><alignment horizontal="center"/></xf><xf numFmtId="0" fontId="35" fillId="0" borderId="0" xfId="0" applyFont="1" applyBorder="1" applyAlignment="1"><alignment horizontal="center"/></xf><xf numFmtId="0" fontId="35" fillId="0" borderId="15" xfId="0" applyFont="1" applyBorder="1" applyAlignment="1"><alignment horizontal="center"/></xf><xf numFmtId="0" fontId="13" fillId="3" borderId="4" xfId="0" applyFont="1" applyFill="1" applyBorder="1" applyAlignment="1"><alignment horizontal="center"/></xf><xf numFmtId="0" fontId="13" fillId="3" borderId="0" xfId="0" applyFont="1" applyFill="1" applyBorder="1" applyAlignment="1"><alignment horizontal="center"/></xf><xf numFmtId="0" fontId="13" fillId="3" borderId="30" xfId="0" applyFont="1" applyFill="1" applyBorder="1" applyAlignment="1"><alignment horizontal="center"/></xf><xf numFmtId="0" fontId="13" fillId="0" borderId="1" xfId="0" applyFont="1" applyBorder="1" applyAlignment="1"><alignment horizontal="center"/></xf><xf numFmtId="0" fontId="13" fillId="0" borderId="2" xfId="0" applyFont="1" applyBorder="1" applyAlignment="1"><alignment horizontal="center"/></xf><xf numFmtId="0" fontId="13" fillId="0" borderId="3" xfId="0" applyFont="1" applyBorder="1" applyAlignment="1"><alignment horizontal="center"/></xf><xf numFmtId="0" fontId="13" fillId="0" borderId="44" xfId="0" applyFont="1" applyBorder="1" applyAlignment="1"><alignment horizontal="center"/></xf><xf numFmtId="0" fontId="18" fillId="3" borderId="41" xfId="0" applyFont="1" applyFill="1" applyBorder="1" applyAlignment="1"><alignment horizontal="center" vertical="center"/></xf><xf numFmtId="0" fontId="18" fillId="3" borderId="25" xfId="0" applyFont="1" applyFill="1" applyBorder="1" applyAlignment="1"><alignment horizontal="center" vertical="center"/></xf><xf numFmtId="0" fontId="18" fillId="3" borderId="40" xfId="0" applyFont="1" applyFill="1" applyBorder="1" applyAlignment="1"><alignment horizontal="center" vertical="center"/></xf><xf numFmtId="0" fontId="18" fillId="3" borderId="29" xfId="0" applyFont="1" applyFill="1" applyBorder="1" applyAlignment="1"><alignment horizontal="center" vertical="center"/></xf><xf numFmtId="0" fontId="18" fillId="3" borderId="28" xfId="0" applyFont="1" applyFill="1" applyBorder="1" applyAlignment="1"><alignment horizontal="center" vertical="center"/></xf><xf numFmtId="0" fontId="18" fillId="3" borderId="27" xfId="0" applyFont="1" applyFill="1" applyBorder="1" applyAlignment="1"><alignment horizontal="center" vertical="center"/></xf><xf numFmtId="0" fontId="13" fillId="0" borderId="5" xfId="0" applyFont="1" applyBorder="1" applyAlignment="1"><alignment horizontal="center"/></xf><xf numFmtId="0" fontId="13" fillId="0" borderId="6" xfId="0" applyFont="1" applyBorder="1" applyAlignment="1"><alignment horizontal="center"/></xf><xf numFmtId="0" fontId="13" fillId="0" borderId="7" xfId="0" applyFont="1" applyBorder="1" applyAlignment="1"><alignment horizontal="center"/></xf><xf numFmtId="0" fontId="13" fillId="0" borderId="19" xfId="0" applyFont="1" applyBorder="1" applyAlignment="1"><alignment horizontal="center"/></xf><xf numFmtId="0" fontId="13" fillId="0" borderId="20" xfId="0" applyFont="1" applyBorder="1" applyAlignment="1"><alignment horizontal="center"/></xf><xf numFmtId="4" fontId="13" fillId="0" borderId="19" xfId="0" applyNumberFormat="1" applyFont="1" applyBorder="1" applyAlignment="1"><alignment horizontal="center"/></xf><xf numFmtId="0" fontId="18" fillId="0" borderId="4" xfId="0" applyFont="1" applyBorder="1" applyAlignment="1"><alignment horizontal="left" wrapText="1"/></xf><xf numFmtId="0" fontId="13" fillId="0" borderId="0" xfId="0" applyFont="1" applyAlignment="1"><alignment horizontal="left" wrapText="1"/></xf><xf numFmtId="0" fontId="13" fillId="0" borderId="8" xfId="0" applyFont="1" applyBorder="1" applyAlignment="1"><alignment horizontal="left" wrapText="1"/></xf><xf numFmtId="0" fontId="13" fillId="3" borderId="41" xfId="0" applyFont="1" applyFill="1" applyBorder="1" applyAlignment="1"><alignment horizontal="center"/></xf><xf numFmtId="0" fontId="13" fillId="3" borderId="25" xfId="0" applyFont="1" applyFill="1" applyBorder="1" applyAlignment="1"><alignment horizontal="center"/></xf><xf numFmtId="0" fontId="13" fillId="3" borderId="40" xfId="0" applyFont="1" applyFill="1" applyBorder="1" applyAlignment="1"><alignment horizontal="center"/></xf><xf numFmtId="0" fontId="18" fillId="3" borderId="22" xfId="0" applyFont="1" applyFill="1" applyBorder="1" applyAlignment="1"><alignment horizontal="left"/></xf><xf numFmtId="0" fontId="18" fillId="3" borderId="19" xfId="0" applyFont="1" applyFill="1" applyBorder="1" applyAlignment="1"><alignment horizontal="left"/></xf><xf numFmtId="0" fontId="18" fillId="3" borderId="20" xfId="0" applyFont="1" applyFill="1" applyBorder="1" applyAlignment="1"><alignment horizontal="left"/></xf><xf numFmtId="0" fontId="3" fillId="2" borderId="57" xfId="0" applyFont="1" applyFill="1" applyBorder="1" applyAlignment="1"><alignment horizontal="left" vertical="center"/></xf><xf numFmtId="0" fontId="3" fillId="2" borderId="51" xfId="0" applyFont="1" applyFill="1" applyBorder="1" applyAlignment="1"><alignment horizontal="left" vertical="center"/></xf><xf numFmtId="0" fontId="3" fillId="2" borderId="52" xfId="0" applyFont="1" applyFill="1" applyBorder="1" applyAlignment="1"><alignment horizontal="left" vertical="center"/></xf><xf numFmtId="0" fontId="3" fillId="2" borderId="58" xfId="0" applyFont="1" applyFill="1" applyBorder="1" applyAlignment="1"><alignment horizontal="left" vertical="center" wrapText="1"/></xf><xf numFmtId="0" fontId="3" fillId="2" borderId="33" xfId="0" applyFont="1" applyFill="1" applyBorder="1" applyAlignment="1"><alignment horizontal="left" vertical="center" wrapText="1"/></xf><xf numFmtId="0" fontId="3" fillId="2" borderId="59" xfId="0" applyFont="1" applyFill="1" applyBorder="1" applyAlignment="1"><alignment horizontal="left" vertical="center" wrapText="1"/></xf><xf numFmtId="0" fontId="9" fillId="0" borderId="22" xfId="0" applyFont="1" applyBorder="1" applyAlignment="1"><alignment horizontal="left"/></xf><xf numFmtId="0" fontId="9" fillId="0" borderId="19" xfId="0" applyFont="1" applyBorder="1" applyAlignment="1"><alignment horizontal="left"/></xf><xf numFmtId="0" fontId="9" fillId="0" borderId="20" xfId="0" applyFont="1" applyBorder="1" applyAlignment="1"><alignment horizontal="left"/></xf><xf numFmtId="0" fontId="5" fillId="2" borderId="22" xfId="0" applyFont="1" applyFill="1" applyBorder="1" applyAlignment="1"><alignment horizontal="center"/></xf><xf numFmtId="0" fontId="5" fillId="2" borderId="19" xfId="0" applyFont="1" applyFill="1" applyBorder="1" applyAlignment="1"><alignment horizontal="center"/></xf><xf numFmtId="0" fontId="5" fillId="2" borderId="20" xfId="0" applyFont="1" applyFill="1" applyBorder="1" applyAlignment="1"><alignment horizontal="center"/></xf><xf numFmtId="0" fontId="5" fillId="2" borderId="18" xfId="0" applyFont="1" applyFill="1" applyBorder="1" applyAlignment="1"><alignment horizontal="center"/></xf><xf numFmtId="0" fontId="2" fillId="2" borderId="1" xfId="0" applyFont="1" applyFill="1" applyBorder="1" applyAlignment="1"><alignment horizontal="center"/></xf><xf numFmtId="0" fontId="2" fillId="2" borderId="2" xfId="0" applyFont="1" applyFill="1" applyBorder="1" applyAlignment="1"><alignment horizontal="center"/></xf><xf numFmtId="0" fontId="2" fillId="2" borderId="3" xfId="0" applyFont="1" applyFill="1" applyBorder="1" applyAlignment="1"><alignment horizontal="center"/></xf><xf numFmtId="0" fontId="2" fillId="2" borderId="5" xfId="0" applyFont="1" applyFill="1" applyBorder="1" applyAlignment="1"><alignment horizontal="center"/></xf><xf numFmtId="0" fontId="2" fillId="2" borderId="6" xfId="0" applyFont="1" applyFill="1" applyBorder="1" applyAlignment="1"><alignment horizontal="center"/></xf><xf numFmtId="0" fontId="2" fillId="2" borderId="7" xfId="0" applyFont="1" applyFill="1" applyBorder="1" applyAlignment="1"><alignment horizontal="center"/></xf><xf numFmtId="0" fontId="1" fillId="2" borderId="4" xfId="0" applyFont="1" applyFill="1" applyBorder="1" applyAlignment="1"><alignment horizontal="center"/></xf><xf numFmtId="0" fontId="1" fillId="2" borderId="0" xfId="0" applyFont="1" applyFill="1" applyBorder="1" applyAlignment="1"><alignment horizontal="center"/></xf><xf numFmtId="0" fontId="1" fillId="2" borderId="8" xfId="0" applyFont="1" applyFill="1" applyBorder="1" applyAlignment="1"><alignment horizontal="center"/></xf><xf numFmtId="0" fontId="4" fillId="2" borderId="4" xfId="0" applyFont="1" applyFill="1" applyBorder="1" applyAlignment="1"><alignment horizontal="center"/></xf><xf numFmtId="0" fontId="4" fillId="2" borderId="0" xfId="0" applyFont="1" applyFill="1" applyBorder="1" applyAlignment="1"><alignment horizontal="center"/></xf><xf numFmtId="0" fontId="4" fillId="2" borderId="8" xfId="0" applyFont="1" applyFill="1" applyBorder="1" applyAlignment="1"><alignment horizontal="center"/></xf><xf numFmtId="0" fontId="36" fillId="2" borderId="4" xfId="0" applyFont="1" applyFill="1" applyBorder="1" applyAlignment="1"><alignment horizontal="center"/></xf><xf numFmtId="0" fontId="36" fillId="2" borderId="0" xfId="0" applyFont="1" applyFill="1" applyBorder="1" applyAlignment="1"><alignment horizontal="center"/></xf><xf numFmtId="0" fontId="36" fillId="2" borderId="8" xfId="0" applyFont="1" applyFill="1" applyBorder="1" applyAlignment="1"><alignment horizontal="center"/></xf><xf numFmtId="0" fontId="36" fillId="2" borderId="4" xfId="0" applyFont="1" applyFill="1" applyBorder="1" applyAlignment="1"><alignment horizontal="center" wrapText="1"/></xf><xf numFmtId="0" fontId="21" fillId="2" borderId="0" xfId="0" applyFont="1" applyFill="1" applyBorder="1" applyAlignment="1"><alignment horizontal="center" wrapText="1"/></xf><xf numFmtId="0" fontId="21" fillId="2" borderId="8" xfId="0" applyFont="1" applyFill="1" applyBorder="1" applyAlignment="1"><alignment horizontal="center" wrapText="1"/></xf><xf numFmtId="0" fontId="1" fillId="2" borderId="22" xfId="0" applyFont="1" applyFill="1" applyBorder="1" applyAlignment="1"><alignment horizontal="left" vertical="center"/></xf><xf numFmtId="0" fontId="1" fillId="2" borderId="20" xfId="0" applyFont="1" applyFill="1" applyBorder="1" applyAlignment="1"><alignment horizontal="left" vertical="center"/></xf><xf numFmtId="0" fontId="1" fillId="2" borderId="0" xfId="0" applyFont="1" applyFill="1" applyBorder="1" applyAlignment="1"><alignment horizontal="left"/></xf><xf numFmtId="0" fontId="5" fillId="2" borderId="0" xfId="0" applyFont="1" applyFill="1" applyBorder="1" applyAlignment="1"><alignment horizontal="center"/></xf><xf numFmtId="0" fontId="5" fillId="2" borderId="0" xfId="0" applyFont="1" applyFill="1" applyBorder="1" applyAlignment="1"><alignment horizontal="left"/></xf><xf numFmtId="0" fontId="1" fillId="2" borderId="0" xfId="0" applyFont="1" applyFill="1" applyBorder="1" applyAlignment="1"><alignment horizontal="center" wrapText="1"/></xf></cellXfs><cellStyles count="18"><cellStyle name="Comma" xfId="1" builtinId="3"/><cellStyle name="Followed Hyperlink" xfId="3" builtinId="9" hidden="1"/><cellStyle name="Followed Hyperlink" xfId="5" builtinId="9" hidden="1"/><cellStyle name="Followed Hyperlink" xfId="7" builtinId="9" hidden="1"/><cellStyle name="Followed Hyperlink" xfId="9" builtinId="9" hidden="1"/><cellStyle name="Followed Hyperlink" xfId="11" builtinId="9" hidden="1"/><cellStyle name="Followed Hyperlink" xfId="13" builtinId="9" hidden="1"/><cellStyle name="Followed Hyperlink" xfId="15" builtinId="9" hidden="1"/><cellStyle name="Followed Hyperlink" xfId="17" builtinId="9" hidden="1"/><cellStyle name="Hyperlink" xfId="2" builtinId="8" hidden="1"/><cellStyle name="Hyperlink" xfId="4" builtinId="8" hidden="1"/><cellStyle name="Hyperlink" xfId="6" builtinId="8" hidden="1"/><cellStyle name="Hyperlink" xfId="8" builtinId="8" hidden="1"/><cellStyle name="Hyperlink" xfId="10" builtinId="8" hidden="1"/><cellStyle name="Hyperlink" xfId="12" builtinId="8" hidden="1"/><cellStyle name="Hyperlink" xfId="14" builtinId="8" hidden="1"/><cellStyle name="Hyperlink" xfId="16" builtinId="8" hidden="1"/><cellStyle name="Normal" xfId="0" builtinId="0"/></cellStyles><dxfs count="0"/><tableStyles count="0" defaultTableStyle="TableStyleMedium2" defaultPivotStyle="PivotStyleLight16"/><extLst><ext uri="{EB79DEF2-80B8-43e5-95BD-54CBDDF9020C}" xmlns:x14="http://schemas.microsoft.com/office/spreadsheetml/2009/9/main"><x14:slicerStyles defaultSlicerStyle="SlicerStyleLight1"/></ext><ext uri="{9260A510-F301-46a8-8635-F512D64BE5F5}" xmlns:x15="http://schemas.microsoft.com/office/spreadsheetml/2010/11/main"><x15:timelineStyles defaultTimelineStyle="TimeSlicerStyleLight1"/></ext></extLst></styleSheet>