<?xml version="1.0" encoding="UTF-8" standalone="yes"?>
<workbook xmlns="http://schemas.openxmlformats.org/spreadsheetml/2006/main" xmlns:r="http://schemas.openxmlformats.org/officeDocument/2006/relationships" xmlns:mc="http://schemas.openxmlformats.org/markup-compatibility/2006" mc:Ignorable="x15" xmlns:x15="http://schemas.microsoft.com/office/spreadsheetml/2010/11/main"><fileVersion appName="xl" lastEdited="6" lowestEdited="6" rupBuild="14420"/><workbookPr autoCompressPictures="0"/><mc:AlternateContent xmlns:mc="http://schemas.openxmlformats.org/markup-compatibility/2006"><mc:Choice Requires="x15"><x15ac:absPath url="C:\Users\USER\Desktop\TES 2020-2021\TES Billing Forms\" xmlns:x15ac="http://schemas.microsoft.com/office/spreadsheetml/2010/11/ac"/></mc:Choice></mc:AlternateContent><bookViews><workbookView xWindow="0" yWindow="0" windowWidth="20490" windowHeight="7620"/></bookViews><sheets><sheet name="TES Billing Form 1" sheetId="3" r:id="rId1"/><sheet name="TES Billing Form 2" sheetId="1" r:id="rId2"/></sheets><definedNames><definedName name="_xlnm.Print_Area" localSheetId="0">'TES Billing Form 1'!$A$1:$X$75</definedName><definedName name="_xlnm.Print_Area" localSheetId="1">'TES Billing Form 2'!$A$1:$S$55</definedName></definedNames><calcPr calcId="162913"/><extLst><ext uri="{140A7094-0E35-4892-8432-C4D2E57EDEB5}" xmlns:x15="http://schemas.microsoft.com/office/spreadsheetml/2010/11/main"><x15:workbookPr chartTrackingRefBase="1"/></ext><ext uri="{B58B0392-4F1F-4190-BB64-5DF3571DCE5F}" xmlns:xcalcf="http://schemas.microsoft.com/office/spreadsheetml/2018/calcfeatures"><xcalcf:calcFeatures><xcalcf:feature name="microsoft.com:RD"/><xcalcf:feature name="microsoft.com:FV"/></xcalcf:calcFeatures></ext><ext uri="{7523E5D3-25F3-A5E0-1632-64F254C22452}" xmlns:mx="http://schemas.microsoft.com/office/mac/excel/2008/main"><mx:ArchID Flags="2"/></ext></extLst></workbook>