<?xml version="1.0" encoding="UTF-8" standalone="yes"?>
<worksheet xmlns="http://schemas.openxmlformats.org/spreadsheetml/2006/main" xmlns:r="http://schemas.openxmlformats.org/officeDocument/2006/relationships" xmlns:mc="http://schemas.openxmlformats.org/markup-compatibility/2006" mc:Ignorable="x14ac" xmlns:x14ac="http://schemas.microsoft.com/office/spreadsheetml/2009/9/ac"><sheetPr><pageSetUpPr fitToPage="1"/></sheetPr><dimension ref="A1:X75"/><sheetViews><sheetView showGridLines="0" tabSelected="1" zoomScale="50" zoomScaleNormal="50" zoomScalePageLayoutView="150" workbookViewId="0"><selection activeCell="R1" sqref="R1:X1"/></sheetView></sheetViews><sheetFormatPr defaultColWidth="10.85546875" defaultRowHeight="15.75" x14ac:dyDescent="0.25"/><cols><col min="1" max="1" width="5.7109375" style="44" customWidth="1"/><col min="2" max="2" width="4.7109375" style="44" customWidth="1"/><col min="3" max="3" width="6" style="44" customWidth="1"/><col min="4" max="12" width="4.7109375" style="44" customWidth="1"/><col min="13" max="13" width="17.42578125" style="44" customWidth="1"/><col min="14" max="15" width="4.7109375" style="44" customWidth="1"/><col min="16" max="16" width="8.42578125" style="44" customWidth="1"/><col min="17" max="17" width="4.7109375" style="44" customWidth="1"/><col min="18" max="18" width="13.42578125" style="44" customWidth="1"/><col min="19" max="21" width="5.85546875" style="44" customWidth="1"/><col min="22" max="23" width="5.42578125" style="44" customWidth="1"/><col min="24" max="24" width="16.85546875" style="44" customWidth="1"/><col min="25" max="25" width="4.85546875" style="44" customWidth="1"/><col min="26" max="16384" width="10.85546875" style="44"/></cols><sheetData><row r="1" spans="1:24" s="114" customFormat="1" ht="30" customHeight="1" thickTop="1" x14ac:dyDescent="0.35"><c r="A1" s="116"/><c r="B1" s="115"/><c r="C1" s="115"/><c r="D1" s="115"/><c r="E1" s="115"/><c r="F1" s="115"/><c r="G1" s="115"/><c r="H1" s="115"/><c r="I1" s="115"/><c r="J1" s="115"/><c r="K1" s="115"/><c r="L1" s="115"/><c r="M1" s="115"/><c r="N1" s="115"/><c r="O1" s="115"/><c r="P1" s="115"/><c r="Q1" s="115"/><c r="R1" s="251" t="s"><v>135</v></c><c r="S1" s="252"/><c r="T1" s="252"/><c r="U1" s="252"/><c r="V1" s="252"/><c r="W1" s="252"/><c r="X1" s="253"/></row><row r="2" spans="1:24" x14ac:dyDescent="0.25"><c r="A2" s="89"/><c r="L2" s="113" t="s"><v>0</v></c><c r="X2" s="78"/></row><row r="3" spans="1:24" x14ac:dyDescent="0.25"><c r="A3" s="89"/><c r="L3" s="112" t="s"><v>121</v></c><c r="X3" s="78"/></row><row r="4" spans="1:24" x14ac:dyDescent="0.25"><c r="A4" s="89"/><c r="L4" s="111" t="s"><v>123</v></c><c r="X4" s="78"/></row><row r="5" spans="1:24" x14ac:dyDescent="0.25"><c r="A5" s="89"/><c r="X5" s="78"/></row><row r="6" spans="1:24" x14ac:dyDescent="0.25"><c r="A6" s="89"/><c r="X6" s="78"/></row><row r="7" spans="1:24" ht="25.5" x14ac:dyDescent="0.35"><c r="A7" s="89"/><c r="L7" s="110" t="s"><v>91</v></c><c r="X7" s="78"/></row><row r="8" spans="1:24" s="88" customFormat="1" ht="20.100000000000001" customHeight="1" x14ac:dyDescent="0.25"><c r="A8" s="109"/><c r="Q8" s="107"/><c r="S8" s="107" t="s"><v>92</v></c><c r="T8" s="173" t="s"><v>132</v></c><c r="U8" s="173"/><c r="V8" s="173"/><c r="W8" s="173"/><c r="X8" s="174"/></row><row r="9" spans="1:24" s="88" customFormat="1" ht="18.95" customHeight="1" x14ac:dyDescent="0.25"><c r="A9" s="109"/><c r="Q9" s="107"/><c r="S9" s="107" t="s"><v>1</v></c><c r="T9" s="249"/><c r="U9" s="249"/><c r="V9" s="249"/><c r="W9" s="249"/><c r="X9" s="250"/></row><row r="10" spans="1:24" s="88" customFormat="1" ht="18.95" customHeight="1" thickBot="1" x14ac:dyDescent="0.3"><c r="A10" s="108"/><c r="Q10" s="107"/><c r="R10" s="106"/><c r="S10" s="106"/><c r="T10" s="106"/><c r="U10" s="106"/><c r="V10" s="106"/><c r="W10" s="106"/><c r="X10" s="105"/></row><row r="11" spans="1:24" s="100" customFormat="1" ht="18" customHeight="1" thickBot="1" x14ac:dyDescent="0.3"><c r="A11" s="104"/><c r="B11" s="102"/><c r="C11" s="103" t="s"><v>87</v></c><c r="D11" s="102" t="s"><v>136</v></c><c r="E11" s="102"/><c r="F11" s="102"/><c r="G11" s="102"/><c r="H11" s="102"/><c r="I11" s="102"/><c r="J11" s="102"/><c r="K11" s="102"/><c r="L11" s="102"/><c r="M11" s="102"/><c r="N11" s="102"/><c r="O11" s="102"/><c r="P11" s="102"/><c r="Q11" s="102"/><c r="R11" s="102"/><c r="S11" s="102"/><c r="T11" s="102"/><c r="U11" s="102"/><c r="V11" s="102"/><c r="W11" s="102"/><c r="X11" s="101"/></row><row r="12" spans="1:24" s="100" customFormat="1" ht="18" customHeight="1" thickBot="1" x14ac:dyDescent="0.3"><c r="A12" s="104"/><c r="B12" s="102"/><c r="C12" s="103" t="s"><v>5</v></c><c r="D12" s="175" t="s"><v>94</v></c><c r="E12" s="175"/><c r="F12" s="175"/><c r="G12" s="175"/><c r="H12" s="175"/><c r="I12" s="175"/><c r="J12" s="175"/><c r="K12" s="175"/><c r="L12" s="175"/><c r="M12" s="175"/><c r="N12" s="175"/><c r="O12" s="175"/><c r="P12" s="175"/><c r="Q12" s="175"/><c r="R12" s="175"/><c r="S12" s="175"/><c r="T12" s="175"/><c r="U12" s="175"/><c r="V12" s="175"/><c r="W12" s="175"/><c r="X12" s="176"/></row><row r="13" spans="1:24" s="100" customFormat="1" ht="18" customHeight="1" thickBot="1" x14ac:dyDescent="0.3"><c r="A13" s="104"/><c r="B13" s="102"/><c r="C13" s="103"/><c r="D13" s="102"/><c r="E13" s="102"/><c r="F13" s="102"/><c r="G13" s="102"/><c r="H13" s="102"/><c r="I13" s="102"/><c r="J13" s="102"/><c r="K13" s="102"/><c r="L13" s="102"/><c r="M13" s="102"/><c r="N13" s="102"/><c r="O13" s="102"/><c r="P13" s="102"/><c r="Q13" s="102"/><c r="R13" s="102"/><c r="S13" s="102"/><c r="T13" s="102"/><c r="U13" s="102"/><c r="V13" s="102"/><c r="W13" s="102"/><c r="X13" s="101"/></row><row r="14" spans="1:24" x14ac:dyDescent="0.25"><c r="A14" s="189" t="s"><v>86</v></c><c r="B14" s="190"/><c r="C14" s="191"/><c r="D14" s="44" t="s"><v>93</v></c><c r="S14" s="263" t="s"><v>85</v></c><c r="T14" s="264"/><c r="U14" s="265"/><c r="V14" s="264" t="s"><v>84</v></c><c r="W14" s="264"/><c r="X14" s="266"/></row><row r="15" spans="1:24" x14ac:dyDescent="0.25"><c r="A15" s="192"/><c r="B15" s="193"/><c r="C15" s="194"/><c r="D15" s="177" t="s"><v>153</v></c><c r="S15" s="99"/><c r="T15" s="79"/><c r="U15" s="98"/><c r="V15" s="79"/><c r="W15" s="79"/><c r="X15" s="78"/></row><row r="16" spans="1:24" x14ac:dyDescent="0.25"><c r="A16" s="192"/><c r="B16" s="193"/><c r="C16" s="194"/><c r="D16" s="178" t="s"><v>150</v></c><c r="S16" s="99"/><c r="T16" s="79"/><c r="U16" s="98"/><c r="V16" s="79"/><c r="W16" s="79"/><c r="X16" s="78"/></row><row r="17" spans="1:24" x14ac:dyDescent="0.25"><c r="A17" s="192"/><c r="B17" s="193"/><c r="C17" s="194"/><c r="D17" s="177" t="s"><v>151</v></c><c r="S17" s="99"/><c r="T17" s="79"/><c r="U17" s="98"/><c r="V17" s="260" t="s"><v>95</v></c><c r="W17" s="261"/><c r="X17" s="262"/></row><row r="18" spans="1:24" x14ac:dyDescent="0.25"><c r="A18" s="192"/><c r="B18" s="193"/><c r="C18" s="194"/><c r="D18" s="177" t="s"><v>152</v></c><c r="S18" s="99"/><c r="T18" s="79"/><c r="U18" s="98"/><c r="V18" s="79"/><c r="W18" s="79"/><c r="X18" s="78"/></row><row r="19" spans="1:24" x14ac:dyDescent="0.25"><c r="A19" s="192"/><c r="B19" s="193"/><c r="C19" s="194"/><c r="D19" s="177"/><c r="S19" s="99"/><c r="T19" s="79"/><c r="U19" s="98"/><c r="V19" s="79"/><c r="W19" s="79"/><c r="X19" s="78"/></row><row r="20" spans="1:24" ht="16.5" thickBot="1" x14ac:dyDescent="0.3"><c r="A20" s="192"/><c r="B20" s="193"/><c r="C20" s="194"/><c r="D20" s="179"/><c r="E20" s="93"/><c r="F20" s="93"/><c r="G20" s="93"/><c r="H20" s="93"/><c r="I20" s="93"/><c r="J20" s="93"/><c r="K20" s="93"/><c r="L20" s="93"/><c r="M20" s="93"/><c r="N20" s="93"/><c r="O20" s="93"/><c r="P20" s="93"/><c r="Q20" s="93"/><c r="R20" s="93"/><c r="S20" s="95"/><c r="T20" s="93"/><c r="U20" s="94"/><c r="V20" s="93"/><c r="W20" s="93"/><c r="X20" s="92"/></row><row r="21" spans="1:24" ht="16.5" thickBot="1" x14ac:dyDescent="0.3"><c r="A21" s="192"/><c r="B21" s="193"/><c r="C21" s="194"/><c r="S21" s="99"/><c r="T21" s="79"/><c r="U21" s="98"/><c r="V21" s="79"/><c r="W21" s="79"/><c r="X21" s="78"/></row><row r="22" spans="1:24" ht="20.100000000000001" customHeight="1" thickBot="1" x14ac:dyDescent="0.3"><c r="A22" s="192"/><c r="B22" s="193"/><c r="C22" s="194"/><c r="D22" s="97" t="s"><v>156</v></c><c r="P22" s="187"/><c r="Q22" s="187"/><c r="R22" s="188"/><c r="S22" s="96"/><c r="T22" s="276"/><c r="U22" s="277"/><c r="V22" s="79"/><c r="W22" s="79"/><c r="X22" s="78"/></row><row r="23" spans="1:24" ht="20.100000000000001" customHeight="1" thickBot="1" x14ac:dyDescent="0.3"><c r="A23" s="192"/><c r="B23" s="193"/><c r="C23" s="194"/><c r="D23" s="97" t="s"><v>157</v></c><c r="S23" s="96" t="s"><v>95</v></c><c r="T23" s="278"/><c r="U23" s="277"/><c r="V23" s="79"/><c r="W23" s="79"/><c r="X23" s="78"/></row><row r="24" spans="1:24" ht="20.100000000000001" customHeight="1" thickBot="1" x14ac:dyDescent="0.3"><c r="A24" s="192"/><c r="B24" s="193"/><c r="C24" s="194"/><c r="D24" s="97" t="s"><v>158</v></c><c r="S24" s="243" t="s"><v>95</v></c><c r="T24" s="244"/><c r="U24" s="245"/><c r="V24" s="79"/><c r="W24" s="79"/><c r="X24" s="78"/></row><row r="25" spans="1:24" ht="20.100000000000001" customHeight="1" thickBot="1" x14ac:dyDescent="0.3"><c r="A25" s="192"/><c r="B25" s="193"/><c r="C25" s="194"/><c r="D25" s="97" t="s"><v>159</v></c><c r="S25" s="243" t="s"><v>95</v></c><c r="T25" s="244"/><c r="U25" s="245"/><c r="V25" s="79"/><c r="W25" s="79"/><c r="X25" s="78"/></row><row r="26" spans="1:24" ht="20.100000000000001" customHeight="1" thickBot="1" x14ac:dyDescent="0.3"><c r="A26" s="192"/><c r="B26" s="193"/><c r="C26" s="194"/><c r="D26" s="97" t="s"><v>154</v></c><c r="S26" s="225" t="s"><v>95</v></c><c r="T26" s="226"/><c r="U26" s="227"/><c r="V26" s="79"/><c r="W26" s="79"/><c r="X26" s="78"/></row><row r="27" spans="1:24" ht="20.100000000000001" customHeight="1" thickBot="1" x14ac:dyDescent="0.3"><c r="A27" s="192"/><c r="B27" s="193"/><c r="C27" s="194"/><c r="D27" s="97" t="s"><v>160</v></c><c r="S27" s="225" t="s"><v>95</v></c><c r="T27" s="226"/><c r="U27" s="227"/><c r="V27" s="79"/><c r="W27" s="79"/><c r="X27" s="78"/></row><row r="28" spans="1:24" ht="20.100000000000001" customHeight="1" thickBot="1" x14ac:dyDescent="0.3"><c r="A28" s="192"/><c r="B28" s="193"/><c r="C28" s="194"/><c r="D28" s="279" t="s"><v>155</v></c><c r="E28" s="280"/><c r="F28" s="280"/><c r="G28" s="280"/><c r="H28" s="280"/><c r="I28" s="280"/><c r="J28" s="280"/><c r="K28" s="280"/><c r="L28" s="280"/><c r="M28" s="280"/><c r="N28" s="280"/><c r="O28" s="280"/><c r="P28" s="280"/><c r="Q28" s="280"/><c r="R28" s="281"/><c r="S28" s="285" t="s"><v>95</v></c><c r="T28" s="286"/><c r="U28" s="287"/><c r="V28" s="79"/><c r="W28" s="79"/><c r="X28" s="78"/></row><row r="29" spans="1:24" ht="16.5" thickBot="1" x14ac:dyDescent="0.3"><c r="A29" s="192"/><c r="B29" s="193"/><c r="C29" s="194"/><c r="D29" s="95"/><c r="E29" s="93"/><c r="F29" s="93"/><c r="G29" s="93"/><c r="H29" s="93"/><c r="I29" s="93"/><c r="J29" s="93"/><c r="K29" s="93"/><c r="L29" s="93"/><c r="M29" s="93"/><c r="N29" s="93"/><c r="O29" s="93"/><c r="P29" s="93"/><c r="Q29" s="93"/><c r="R29" s="93"/><c r="S29" s="95"/><c r="T29" s="93"/><c r="U29" s="94"/><c r="V29" s="93"/><c r="W29" s="93"/><c r="X29" s="92"/></row><row r="30" spans="1:24" x14ac:dyDescent="0.25"><c r="A30" s="192"/><c r="B30" s="193"/><c r="C30" s="194"/><c r="D30" s="44" t="s"><v>161</v></c><c r="S30" s="263" t="s"><v>83</v></c><c r="T30" s="264"/><c r="U30" s="264"/><c r="V30" s="264"/><c r="W30" s="264"/><c r="X30" s="265"/></row><row r="31" spans="1:24" ht="16.5" thickBot="1" x14ac:dyDescent="0.3"><c r="A31" s="192"/><c r="B31" s="193"/><c r="C31" s="194"/><c r="S31" s="273" t="s"><v>137</v></c><c r="T31" s="274"/><c r="U31" s="274"/><c r="V31" s="274"/><c r="W31" s="274"/><c r="X31" s="275"/></row><row r="32" spans="1:24" x14ac:dyDescent="0.25"><c r="A32" s="192"/><c r="B32" s="193"/><c r="C32" s="194"/><c r="S32" s="216" t="s"><v>95</v></c><c r="T32" s="217"/><c r="U32" s="218"/><c r="V32" s="207" t="s"><v>82</v></c><c r="W32" s="208"/><c r="X32" s="209"/></row><row r="33" spans="1:24" x14ac:dyDescent="0.25"><c r="A33" s="192"/><c r="B33" s="193"/><c r="C33" s="194"/><c r="S33" s="219"/><c r="T33" s="220"/><c r="U33" s="221"/><c r="V33" s="210"/><c r="W33" s="211"/><c r="X33" s="212"/></row><row r="34" spans="1:24" ht="16.5" thickBot="1" x14ac:dyDescent="0.3"><c r="A34" s="192"/><c r="B34" s="193"/><c r="C34" s="194"/><c r="S34" s="222"/><c r="T34" s="223"/><c r="U34" s="224"/><c r="V34" s="213"/><c r="W34" s="214"/><c r="X34" s="215"/></row><row r="35" spans="1:24" x14ac:dyDescent="0.25"><c r="A35" s="192"/><c r="B35" s="193"/><c r="C35" s="194"/><c r="S35" s="219" t="s"><v>95</v></c><c r="T35" s="220"/><c r="U35" s="221"/><c r="V35" s="210" t="s"><v>81</v></c><c r="W35" s="211"/><c r="X35" s="212"/></row><row r="36" spans="1:24" ht="16.5" thickBot="1" x14ac:dyDescent="0.3"><c r="A36" s="195"/><c r="B36" s="196"/><c r="C36" s="197"/><c r="D36" s="77"/><c r="E36" s="77"/><c r="F36" s="77"/><c r="G36" s="77"/><c r="H36" s="77"/><c r="I36" s="77"/><c r="J36" s="77"/><c r="K36" s="77"/><c r="L36" s="77"/><c r="M36" s="77"/><c r="N36" s="77"/><c r="O36" s="77"/><c r="P36" s="77"/><c r="Q36" s="77"/><c r="R36" s="77"/><c r="S36" s="228"/><c r="T36" s="229"/><c r="U36" s="230"/><c r="V36" s="254"/><c r="W36" s="255"/><c r="X36" s="256"/></row><row r="37" spans="1:24" ht="18.95" customHeight="1" thickTop="1" x14ac:dyDescent="0.25"><c r="A37" s="91" t="s"><v>80</v></c><c r="M37" s="84"/><c r="N37" s="90" t="s"><v>79</v></c><c r="Q37" s="85"/><c r="R37" s="85"/><c r="S37" s="85"/><c r="T37" s="85"/><c r="U37" s="85"/><c r="V37" s="85"/><c r="W37" s="85"/><c r="X37" s="84"/></row><row r="38" spans="1:24" ht="9" customHeight="1" thickBot="1" x14ac:dyDescent="0.3"><c r="A38" s="89"/><c r="M38" s="78"/><c r="Q38" s="79"/><c r="R38" s="79"/><c r="S38" s="79"/><c r="T38" s="79"/><c r="U38" s="79"/><c r="V38" s="79"/><c r="W38" s="79"/><c r="X38" s="78"/></row><row r="39" spans="1:24" ht="18" customHeight="1" thickBot="1" x14ac:dyDescent="0.3"><c r="A39" s="89"/><c r="B39" s="87"/><c r="C39" s="44" t="s"><v>78</v></c><c r="M39" s="78"/><c r="Q39" s="79"/><c r="R39" s="79"/><c r="S39" s="79"/><c r="T39" s="79"/><c r="U39" s="79"/><c r="V39" s="79"/><c r="W39" s="79"/><c r="X39" s="78"/></row><row r="40" spans="1:24" x14ac:dyDescent="0.25"><c r="A40" s="89"/><c r="C40" s="44" t="s"><v>77</v></c><c r="M40" s="78"/><c r="Q40" s="79"/><c r="R40" s="79"/><c r="S40" s="79"/><c r="T40" s="79"/><c r="U40" s="79"/><c r="V40" s="79"/><c r="W40" s="79"/><c r="X40" s="78"/></row><row r="41" spans="1:24" x14ac:dyDescent="0.25"><c r="A41" s="89"/><c r="B41" s="44" t="s"><v>133</v></c><c r="M41" s="78"/><c r="Q41" s="79"/><c r="R41" s="79"/><c r="S41" s="79"/><c r="T41" s="79"/><c r="U41" s="79"/><c r="V41" s="79"/><c r="W41" s="79"/><c r="X41" s="78"/></row><row r="42" spans="1:24" ht="6.95" customHeight="1" thickBot="1" x14ac:dyDescent="0.3"><c r="A42" s="89"/><c r="M42" s="78"/><c r="Q42" s="79"/><c r="R42" s="79"/><c r="S42" s="79"/><c r="T42" s="79"/><c r="U42" s="79"/><c r="V42" s="79"/><c r="W42" s="79"/><c r="X42" s="78"/></row><row r="43" spans="1:24" ht="21.95" customHeight="1" thickBot="1" x14ac:dyDescent="0.3"><c r="A43" s="89"/><c r="C43" s="87"/><c r="D43" s="88" t="s"><v>76</v></c><c r="F43" s="170"/><c r="G43" s="80" t="s"><v>75</v></c><c r="M43" s="78"/><c r="Q43" s="79"/><c r="R43" s="79"/><c r="S43" s="79"/><c r="T43" s="79"/><c r="U43" s="79"/><c r="V43" s="79"/><c r="W43" s="79"/><c r="X43" s="78"/></row><row r="44" spans="1:24" ht="11.1" customHeight="1" thickBot="1" x14ac:dyDescent="0.3"><c r="A44" s="86"/><c r="B44" s="79"/><c r="C44" s="79"/><c r="D44" s="79"/><c r="E44" s="79"/><c r="F44" s="79"/><c r="G44" s="79"/><c r="H44" s="79"/><c r="I44" s="79"/><c r="J44" s="79"/><c r="K44" s="79"/><c r="L44" s="79"/><c r="M44" s="78"/><c r="N44" s="79"/><c r="O44" s="79"/><c r="P44" s="79"/><c r="Q44" s="79"/><c r="R44" s="79"/><c r="S44" s="79"/><c r="T44" s="79"/><c r="U44" s="79"/><c r="V44" s="79"/><c r="W44" s="79"/><c r="X44" s="78"/></row><row r="45" spans="1:24" ht="16.5" thickTop="1" x14ac:dyDescent="0.25"><c r="A45" s="201" t="s"><v>74</v></c><c r="B45" s="202"/><c r="C45" s="203"/><c r="D45" s="282"/><c r="E45" s="283"/><c r="F45" s="283"/><c r="G45" s="283"/><c r="H45" s="283"/><c r="I45" s="283"/><c r="J45" s="283"/><c r="K45" s="283"/><c r="L45" s="283"/><c r="M45" s="284"/><c r="N45" s="201" t="s"><v>74</v></c><c r="O45" s="202"/><c r="P45" s="203"/><c r="Q45" s="282"/><c r="R45" s="283"/><c r="S45" s="283"/><c r="T45" s="283"/><c r="U45" s="283"/><c r="V45" s="283"/><c r="W45" s="283"/><c r="X45" s="284"/></row><row r="46" spans="1:24" ht="16.5" thickBot="1" x14ac:dyDescent="0.3"><c r="A46" s="234"/><c r="B46" s="235"/><c r="C46" s="236"/><c r="D46" s="240"/><c r="E46" s="241"/><c r="F46" s="241"/><c r="G46" s="241"/><c r="H46" s="241"/><c r="I46" s="241"/><c r="J46" s="241"/><c r="K46" s="241"/><c r="L46" s="241"/><c r="M46" s="242"/><c r="N46" s="234"/><c r="O46" s="235"/><c r="P46" s="236"/><c r="Q46" s="240"/><c r="R46" s="241"/><c r="S46" s="241"/><c r="T46" s="241"/><c r="U46" s="241"/><c r="V46" s="241"/><c r="W46" s="241"/><c r="X46" s="242"/></row><row r="47" spans="1:24" ht="16.5" thickTop="1" x14ac:dyDescent="0.25"><c r="A47" s="201" t="s"><v>73</v></c><c r="B47" s="202"/><c r="C47" s="203"/><c r="D47" s="267"/><c r="E47" s="268"/><c r="F47" s="268"/><c r="G47" s="268"/><c r="H47" s="268"/><c r="I47" s="268"/><c r="J47" s="268"/><c r="K47" s="268"/><c r="L47" s="268"/><c r="M47" s="269"/><c r="N47" s="201" t="s"><v>73</v></c><c r="O47" s="202"/><c r="P47" s="203"/><c r="Q47" s="267"/><c r="R47" s="268"/><c r="S47" s="268"/><c r="T47" s="268"/><c r="U47" s="268"/><c r="V47" s="268"/><c r="W47" s="268"/><c r="X47" s="269"/></row><row r="48" spans="1:24" ht="16.5" thickBot="1" x14ac:dyDescent="0.3"><c r="A48" s="234"/><c r="B48" s="235"/><c r="C48" s="236"/><c r="D48" s="270"/><c r="E48" s="271"/><c r="F48" s="271"/><c r="G48" s="271"/><c r="H48" s="271"/><c r="I48" s="271"/><c r="J48" s="271"/><c r="K48" s="271"/><c r="L48" s="271"/><c r="M48" s="272"/><c r="N48" s="234"/><c r="O48" s="235"/><c r="P48" s="236"/><c r="Q48" s="270"/><c r="R48" s="271"/><c r="S48" s="271"/><c r="T48" s="271"/><c r="U48" s="271"/><c r="V48" s="271"/><c r="W48" s="271"/><c r="X48" s="272"/></row><row r="49" spans="1:24" ht="20.100000000000001" customHeight="1" thickTop="1" x14ac:dyDescent="0.25"><c r="A49" s="201" t="s"><v>72</v></c><c r="B49" s="202"/><c r="C49" s="203"/><c r="D49" s="83"/><c r="E49" s="82"/><c r="F49" s="82"/><c r="G49" s="82"/><c r="H49" s="82"/><c r="I49" s="82"/><c r="J49" s="82"/><c r="K49" s="82"/><c r="L49" s="82"/><c r="M49" s="81"/><c r="N49" s="201" t="s"><v>72</v></c><c r="O49" s="202"/><c r="P49" s="203"/><c r="Q49" s="83"/><c r="R49" s="82"/><c r="S49" s="82"/><c r="T49" s="82"/><c r="U49" s="82"/><c r="V49" s="82"/><c r="W49" s="82"/><c r="X49" s="81"/></row><row r="50" spans="1:24" s="80" customFormat="1" ht="20.100000000000001" customHeight="1" thickBot="1" x14ac:dyDescent="0.3"><c r="A50" s="204"/><c r="B50" s="205"/><c r="C50" s="206"/><c r="D50" s="198" t="s"><v>71</v></c><c r="E50" s="199"/><c r="F50" s="199"/><c r="G50" s="199"/><c r="H50" s="199"/><c r="I50" s="199"/><c r="J50" s="199"/><c r="K50" s="199"/><c r="L50" s="199"/><c r="M50" s="200"/><c r="N50" s="204"/><c r="O50" s="205"/><c r="P50" s="206"/><c r="Q50" s="198" t="s"><v>70</v></c><c r="R50" s="199"/><c r="S50" s="199"/><c r="T50" s="199"/><c r="U50" s="199"/><c r="V50" s="199"/><c r="W50" s="199"/><c r="X50" s="200"/></row><row r="51" spans="1:24" x14ac:dyDescent="0.25"><c r="A51" s="231" t="s"><v>69</v></c><c r="B51" s="232"/><c r="C51" s="233"/><c r="D51" s="237"/><c r="E51" s="238"/><c r="F51" s="238"/><c r="G51" s="238"/><c r="H51" s="238"/><c r="I51" s="238"/><c r="J51" s="238"/><c r="K51" s="238"/><c r="L51" s="238"/><c r="M51" s="239"/><c r="N51" s="231" t="s"><v>69</v></c><c r="O51" s="232"/><c r="P51" s="233"/><c r="Q51" s="237"/><c r="R51" s="238"/><c r="S51" s="238"/><c r="T51" s="238"/><c r="U51" s="238"/><c r="V51" s="238"/><c r="W51" s="238"/><c r="X51" s="239"/></row><row r="52" spans="1:24" ht="16.5" thickBot="1" x14ac:dyDescent="0.3"><c r="A52" s="234"/><c r="B52" s="235"/><c r="C52" s="236"/><c r="D52" s="240"/><c r="E52" s="241"/><c r="F52" s="241"/><c r="G52" s="241"/><c r="H52" s="241"/><c r="I52" s="241"/><c r="J52" s="241"/><c r="K52" s="241"/><c r="L52" s="241"/><c r="M52" s="242"/><c r="N52" s="234"/><c r="O52" s="235"/><c r="P52" s="236"/><c r="Q52" s="240"/><c r="R52" s="241"/><c r="S52" s="241"/><c r="T52" s="241"/><c r="U52" s="241"/><c r="V52" s="241"/><c r="W52" s="241"/><c r="X52" s="242"/></row><row r="53" spans="1:24" s="45" customFormat="1" ht="13.5" thickTop="1" x14ac:dyDescent="0.2"><c r="A53" s="76"/><c r="B53" s="74"/><c r="C53" s="74"/><c r="D53" s="74"/><c r="E53" s="74"/><c r="F53" s="74"/><c r="G53" s="74"/><c r="H53" s="74"/><c r="I53" s="74"/><c r="J53" s="74"/><c r="K53" s="74"/><c r="L53" s="74"/><c r="M53" s="75"/><c r="N53" s="74"/><c r="O53" s="74"/><c r="P53" s="74"/><c r="Q53" s="74"/><c r="R53" s="74"/><c r="S53" s="74"/><c r="T53" s="74"/><c r="U53" s="74"/><c r="V53" s="74"/><c r="W53" s="74"/><c r="X53" s="74"/></row><row r="54" spans="1:24" s="45" customFormat="1" ht="12.75" x14ac:dyDescent="0.2"><c r="A54" s="73" t="s"><v>68</v></c><c r="B54" s="72"/><c r="C54" s="72"/><c r="D54" s="72"/><c r="E54" s="72"/><c r="F54" s="72"/><c r="G54" s="72"/><c r="H54" s="72"/><c r="I54" s="72"/><c r="J54" s="72"/><c r="K54" s="72"/><c r="L54" s="72"/><c r="M54" s="71"/><c r="N54" s="72"/><c r="O54" s="72"/><c r="P54" s="72"/><c r="Q54" s="72"/><c r="R54" s="72"/><c r="S54" s="72"/><c r="T54" s="72"/><c r="U54" s="72"/><c r="V54" s="72"/><c r="W54" s="72"/><c r="X54" s="71"/></row><row r="55" spans="1:24" s="45" customFormat="1" ht="12.75" x14ac:dyDescent="0.2"><c r="A55" s="180" t="s"><v>162</v></c><c r="B55" s="51"/><c r="C55" s="51"/><c r="D55" s="51"/><c r="E55" s="51"/><c r="F55" s="51"/><c r="G55" s="51"/><c r="H55" s="51"/><c r="I55" s="51"/><c r="J55" s="51"/><c r="K55" s="51"/><c r="L55" s="51"/><c r="M55" s="50"/><c r="N55" s="52" t="s"><v>67</v></c><c r="O55" s="70"/><c r="P55" s="51"/><c r="Q55" s="51"/><c r="R55" s="51"/><c r="S55" s="51"/><c r="T55" s="51"/><c r="U55" s="51"/><c r="V55" s="51"/><c r="W55" s="51"/><c r="X55" s="50"/></row><row r="56" spans="1:24" s="45" customFormat="1" ht="12.75" x14ac:dyDescent="0.2"><c r="A56" s="53"/><c r="B56" s="51"/><c r="C56" s="51"/><c r="D56" s="51"/><c r="E56" s="51"/><c r="F56" s="51"/><c r="G56" s="51"/><c r="H56" s="51"/><c r="I56" s="51"/><c r="J56" s="51"/><c r="K56" s="51"/><c r="L56" s="51"/><c r="M56" s="50"/><c r="N56" s="51"/><c r="O56" s="51"/><c r="P56" s="61" t="s"><v>66</v></c><c r="Q56" s="64"/><c r="R56" s="51"/><c r="S56" s="69" t="s"><v>59</v></c><c r="T56" s="51"/><c r="U56" s="64" t="s"><v>66</v></c><c r="V56" s="51"/><c r="W56" s="69" t="s"><v>59</v></c><c r="X56" s="50"/></row><row r="57" spans="1:24" s="45" customFormat="1" ht="12.75" x14ac:dyDescent="0.2"><c r="A57" s="53" t="s"><v>163</v></c><c r="B57" s="51"/><c r="C57" s="51"/><c r="D57" s="51"/><c r="E57" s="51"/><c r="F57" s="51"/><c r="G57" s="51"/><c r="H57" s="51"/><c r="I57" s="51"/><c r="J57" s="51"/><c r="K57" s="51"/><c r="L57" s="51"/><c r="M57" s="50"/><c r="N57" s="51"/><c r="O57" s="51"/><c r="P57" s="52" t="s"><v>65</v></c><c r="Q57" s="51"/><c r="R57" s="51"/><c r="S57" s="68"><v>1</v></c><c r="T57" s="51"/><c r="U57" s="51" t="s"><v>64</v></c><c r="V57" s="51"/><c r="W57" s="68"><v>3</v></c><c r="X57" s="50"/></row><row r="58" spans="1:24" s="45" customFormat="1" ht="12.75" x14ac:dyDescent="0.2"><c r="A58" s="49" t="s"><v>164</v></c><c r="B58" s="51"/><c r="C58" s="51"/><c r="D58" s="51"/><c r="E58" s="51"/><c r="F58" s="51"/><c r="G58" s="51"/><c r="H58" s="51"/><c r="I58" s="51"/><c r="J58" s="51"/><c r="K58" s="51"/><c r="L58" s="51"/><c r="M58" s="50"/><c r="N58" s="51"/><c r="O58" s="51"/><c r="P58" s="52" t="s"><v>63</v></c><c r="Q58" s="51"/><c r="R58" s="51"/><c r="S58" s="68"><v>2</v></c><c r="T58" s="51"/><c r="U58" s="51" t="s"><v>62</v></c><c r="V58" s="51"/><c r="W58" s="68"><v>3</v></c><c r="X58" s="50"/></row><row r="59" spans="1:24" s="45" customFormat="1" ht="12.75" x14ac:dyDescent="0.2"><c r="A59" s="49" t="s"><v>112</v></c><c r="B59" s="51"/><c r="C59" s="51"/><c r="D59" s="51"/><c r="E59" s="51"/><c r="F59" s="51"/><c r="G59" s="51"/><c r="H59" s="51"/><c r="I59" s="51"/><c r="J59" s="51"/><c r="K59" s="51"/><c r="L59" s="51"/><c r="M59" s="50"/><c r="N59" s="51"/><c r="O59" s="51"/><c r="P59" s="52"/><c r="Q59" s="51"/><c r="R59" s="51"/><c r="S59" s="68"/><c r="T59" s="51"/><c r="U59" s="51"/><c r="V59" s="51"/><c r="W59" s="68"/><c r="X59" s="50"/></row><row r="60" spans="1:24" s="45" customFormat="1" ht="12.75" x14ac:dyDescent="0.2"><c r="A60" s="49"/><c r="B60" s="51"/><c r="C60" s="51"/><c r="D60" s="51"/><c r="E60" s="51"/><c r="F60" s="51"/><c r="G60" s="51"/><c r="H60" s="51"/><c r="I60" s="51"/><c r="J60" s="51"/><c r="K60" s="51"/><c r="L60" s="51"/><c r="M60" s="50"/><c r="N60" s="182" t="s"><v>167</v></c><c r="O60" s="51"/><c r="P60" s="52"/><c r="Q60" s="51"/><c r="R60" s="51"/><c r="S60" s="68"/><c r="T60" s="51"/><c r="U60" s="51"/><c r="V60" s="51"/><c r="W60" s="68"/><c r="X60" s="50"/></row><row r="61" spans="1:24" s="45" customFormat="1" ht="12.75" x14ac:dyDescent="0.2"><c r="A61" s="67" t="s"><v>61</v></c><c r="B61" s="51"/><c r="C61" s="51"/><c r="D61" s="51"/><c r="E61" s="51"/><c r="F61" s="51"/><c r="G61" s="51"/><c r="H61" s="51"/><c r="I61" s="51"/><c r="J61" s="51"/><c r="K61" s="51"/><c r="L61" s="51"/><c r="M61" s="50"/><c r="N61" s="66" t="s"><v>168</v></c><c r="O61" s="51"/><c r="P61" s="51"/><c r="Q61" s="51"/><c r="R61" s="51"/><c r="S61" s="51"/><c r="T61" s="51"/><c r="U61" s="51"/><c r="V61" s="51"/><c r="W61" s="51"/><c r="X61" s="50"/></row><row r="62" spans="1:24" s="45" customFormat="1" ht="12.75" x14ac:dyDescent="0.2"><c r="A62" s="65"/><c r="B62" s="63" t="s"><v>60</v></c><c r="C62" s="62" t="s"><v>59</v></c><c r="D62" s="51"/><c r="E62" s="51"/><c r="F62" s="64" t="s"><v>60</v></c><c r="G62" s="64" t="s"><v>59</v></c><c r="H62" s="51"/><c r="I62" s="51"/><c r="J62" s="63" t="s"><v>60</v></c><c r="K62" s="62" t="s"><v>59</v></c><c r="L62" s="51"/><c r="M62" s="50"/><c r="N62" s="51"/><c r="O62" s="51"/><c r="P62" s="51"/><c r="Q62" s="51"/><c r="R62" s="51"/><c r="S62" s="51"/><c r="T62" s="51"/><c r="U62" s="51"/><c r="V62" s="51"/><c r="W62" s="51"/><c r="X62" s="50"/></row><row r="63" spans="1:24" s="45" customFormat="1" ht="12.75" x14ac:dyDescent="0.2"><c r="A63" s="53"/><c r="B63" s="56" t="s"><v>58</v></c><c r="C63" s="59" t="s"><v>57</v></c><c r="D63" s="51"/><c r="E63" s="51"/><c r="F63" s="58" t="s"><v>56</v></c><c r="G63" s="57" t="s"><v>55</v></c><c r="H63" s="51"/><c r="I63" s="51"/><c r="J63" s="56" t="s"><v>54</v></c><c r="K63" s="55" t="s"><v>53</v></c><c r="L63" s="51"/><c r="M63" s="50"/><c r="N63" s="61" t="s"><v>52</v></c><c r="O63" s="51"/><c r="P63" s="51"/><c r="Q63" s="51"/><c r="R63" s="51"/><c r="S63" s="51"/><c r="T63" s="51"/><c r="U63" s="51"/><c r="V63" s="51"/><c r="W63" s="51"/><c r="X63" s="50"/></row><row r="64" spans="1:24" s="45" customFormat="1" ht="12.75" x14ac:dyDescent="0.2"><c r="A64" s="53"/><c r="B64" s="56" t="s"><v>51</v></c><c r="C64" s="59" t="s"><v>50</v></c><c r="D64" s="51"/><c r="E64" s="51"/><c r="F64" s="58" t="s"><v>49</v></c><c r="G64" s="57" t="s"><v>48</v></c><c r="H64" s="51"/><c r="I64" s="51"/><c r="J64" s="56" t="s"><v>47</v></c><c r="K64" s="55" t="s"><v>47</v></c><c r="L64" s="51"/><c r="M64" s="50"/><c r="N64" s="52" t="s"><v>169</v></c><c r="O64" s="51"/><c r="P64" s="51"/><c r="Q64" s="51"/><c r="R64" s="51"/><c r="S64" s="51"/><c r="T64" s="51"/><c r="U64" s="51"/><c r="V64" s="51"/><c r="W64" s="51"/><c r="X64" s="50"/></row><row r="65" spans="1:24" s="45" customFormat="1" ht="12.75" x14ac:dyDescent="0.2"><c r="A65" s="53"/><c r="B65" s="56" t="s"><v>46</v></c><c r="C65" s="59" t="s"><v>45</v></c><c r="D65" s="51"/><c r="E65" s="51"/><c r="F65" s="58" t="s"><v>44</v></c><c r="G65" s="57" t="s"><v>43</v></c><c r="H65" s="51"/><c r="I65" s="51"/><c r="J65" s="56" t="s"><v>42</v></c><c r="K65" s="55" t="s"><v>42</v></c><c r="L65" s="51"/><c r="M65" s="50"/><c r="N65" s="51"/><c r="O65" s="51"/><c r="P65" s="51"/><c r="Q65" s="51"/><c r="R65" s="51"/><c r="S65" s="51"/><c r="T65" s="51"/><c r="U65" s="51"/><c r="V65" s="51"/><c r="W65" s="51"/><c r="X65" s="50"/></row><row r="66" spans="1:24" s="45" customFormat="1" ht="12.75" x14ac:dyDescent="0.2"><c r="A66" s="53"/><c r="B66" s="56" t="s"><v>41</v></c><c r="C66" s="59" t="s"><v>40</v></c><c r="D66" s="51"/><c r="E66" s="51"/><c r="F66" s="58" t="s"><v>39</v></c><c r="G66" s="57" t="s"><v>38</v></c><c r="H66" s="51"/><c r="I66" s="51"/><c r="J66" s="56" t="s"><v>37</v></c><c r="K66" s="55" t="s"><v>37</v></c><c r="L66" s="51"/><c r="M66" s="50"/><c r="N66" s="52" t="s"><v>114</v></c><c r="O66" s="51"/><c r="P66" s="51"/><c r="Q66" s="51"/><c r="R66" s="51"/><c r="S66" s="51"/><c r="T66" s="51"/><c r="U66" s="51"/><c r="V66" s="51"/><c r="W66" s="51"/><c r="X66" s="50"/></row><row r="67" spans="1:24" s="45" customFormat="1" ht="12.75" x14ac:dyDescent="0.2"><c r="A67" s="53"/><c r="B67" s="56" t="s"><v>36</v></c><c r="C67" s="51" t="s"><v>35</v></c><c r="D67" s="51"/><c r="E67" s="51"/><c r="F67" s="58" t="s"><v>34</v></c><c r="G67" s="57" t="s"><v>33</v></c><c r="H67" s="51"/><c r="I67" s="51"/><c r="J67" s="56" t="s"><v>32</v></c><c r="K67" s="55" t="s"><v>32</v></c><c r="L67" s="51"/><c r="M67" s="50"/><c r="N67" s="60" t="s"><v>170</v></c><c r="O67" s="54"/><c r="P67" s="54"/><c r="Q67" s="54" t="s"><v>171</v></c><c r="R67" s="51"/><c r="S67" s="51"/><c r="T67" s="51"/><c r="U67" s="51"/><c r="V67" s="51"/><c r="W67" s="51"/><c r="X67" s="50"/></row><row r="68" spans="1:24" s="45" customFormat="1" ht="12.75" x14ac:dyDescent="0.2"><c r="A68" s="53"/><c r="B68" s="56" t="s"><v>31</v></c><c r="C68" s="59" t="s"><v>30</v></c><c r="D68" s="51"/><c r="E68" s="51"/><c r="F68" s="58" t="s"><v>29</v></c><c r="G68" s="57" t="s"><v>28</v></c><c r="H68" s="51"/><c r="I68" s="51"/><c r="J68" s="51"/><c r="K68" s="56"/><c r="L68" s="51"/><c r="M68" s="50"/><c r="N68" s="51"/><c r="O68" s="51"/><c r="P68" s="51"/><c r="Q68" s="51"/><c r="R68" s="51"/><c r="S68" s="51"/><c r="T68" s="51"/><c r="U68" s="51"/><c r="V68" s="51"/><c r="W68" s="51"/><c r="X68" s="50"/></row><row r="69" spans="1:24" s="45" customFormat="1" ht="12.75" x14ac:dyDescent="0.2"><c r="B69" s="56"/><c r="C69" s="51"/><c r="D69" s="51"/><c r="E69" s="51"/><c r="F69" s="58"/><c r="G69" s="57"/><c r="H69" s="51"/><c r="I69" s="51"/><c r="J69" s="56"/><c r="K69" s="55"/><c r="L69" s="51"/><c r="M69" s="50"/><c r="N69" s="171" t="s"><v>173</v></c><c r="O69" s="51"/><c r="P69" s="51"/><c r="Q69" s="51"/><c r="R69" s="51"/><c r="S69" s="51"/><c r="T69" s="51"/><c r="U69" s="51"/><c r="V69" s="51"/><c r="W69" s="51"/><c r="X69" s="50"/></row><row r="70" spans="1:24" s="45" customFormat="1" ht="12.75" x14ac:dyDescent="0.2"><c r="A70" s="181" t="s"><v>165</v></c><c r="B70" s="56"/><c r="C70" s="59"/><c r="D70" s="51"/><c r="E70" s="51"/><c r="F70" s="58"/><c r="G70" s="57"/><c r="H70" s="51"/><c r="I70" s="51"/><c r="J70" s="51"/><c r="K70" s="56"/><c r="L70" s="55"/><c r="M70" s="50"/><c r="N70" s="172" t="s"><v>172</v></c><c r="O70" s="54"/><c r="P70" s="51"/><c r="Q70" s="51"/><c r="R70" s="51"/><c r="S70" s="51"/><c r="T70" s="51"/><c r="U70" s="51"/><c r="V70" s="51"/><c r="W70" s="51"/><c r="X70" s="50"/></row><row r="71" spans="1:24" s="45" customFormat="1" ht="12.75" x14ac:dyDescent="0.2"><c r="A71" s="49" t="s"><v>113</v></c><c r="B71" s="51"/><c r="C71" s="51"/><c r="D71" s="51"/><c r="E71" s="51"/><c r="F71" s="51"/><c r="G71" s="51"/><c r="H71" s="51"/><c r="I71" s="51"/><c r="J71" s="51"/><c r="K71" s="51"/><c r="L71" s="51"/><c r="M71" s="50"/><c r="N71" s="257" t="s"><v>138</v></c><c r="O71" s="258"/><c r="P71" s="258"/><c r="Q71" s="258"/><c r="R71" s="258"/><c r="S71" s="258"/><c r="T71" s="258"/><c r="U71" s="258"/><c r="V71" s="258"/><c r="W71" s="258"/><c r="X71" s="259"/></row><row r="72" spans="1:24" s="45" customFormat="1" ht="12.75" x14ac:dyDescent="0.2"><c r="A72" s="49"/><c r="B72" s="52"/><c r="C72" s="51"/><c r="D72" s="51"/><c r="E72" s="51"/><c r="F72" s="51"/><c r="G72" s="51"/><c r="H72" s="51"/><c r="I72" s="51"/><c r="J72" s="51"/><c r="K72" s="51"/><c r="L72" s="51"/><c r="M72" s="50"/><c r="N72" s="246" t="s"><v>72</v></c><c r="O72" s="247"/><c r="P72" s="247"/><c r="Q72" s="247"/><c r="R72" s="247"/><c r="S72" s="247"/><c r="T72" s="247"/><c r="U72" s="247"/><c r="V72" s="247"/><c r="W72" s="247"/><c r="X72" s="248"/></row><row r="73" spans="1:24" s="45" customFormat="1" ht="12.75" x14ac:dyDescent="0.2"><c r="A73" s="52" t="s"><v>166</v></c><c r="B73" s="52"/><c r="C73" s="51"/><c r="D73" s="51"/><c r="E73" s="51"/><c r="F73" s="51"/><c r="G73" s="51"/><c r="H73" s="51"/><c r="I73" s="51"/><c r="J73" s="51"/><c r="K73" s="51"/><c r="L73" s="51"/><c r="M73" s="50"/><c r="N73" s="246" t="s"><v>60</v></c><c r="O73" s="247"/><c r="P73" s="247"/><c r="Q73" s="247"/><c r="R73" s="247"/><c r="S73" s="247"/><c r="T73" s="247"/><c r="U73" s="247"/><c r="V73" s="247"/><c r="W73" s="247"/><c r="X73" s="248"/></row><row r="74" spans="1:24" s="45" customFormat="1" ht="12.75" x14ac:dyDescent="0.2"><c r="A74" s="52"/><c r="B74" s="52"/><c r="C74" s="51"/><c r="D74" s="51"/><c r="E74" s="51"/><c r="F74" s="51"/><c r="G74" s="51"/><c r="H74" s="51"/><c r="I74" s="51"/><c r="J74" s="51"/><c r="K74" s="51"/><c r="L74" s="51"/><c r="M74" s="50"/><c r="N74" s="172"/><c r="O74" s="51"/><c r="P74" s="51"/><c r="Q74" s="51"/><c r="R74" s="51"/><c r="S74" s="51"/><c r="T74" s="51"/><c r="U74" s="51"/><c r="V74" s="51"/><c r="W74" s="51"/><c r="X74" s="50"/></row><row r="75" spans="1:24" s="45" customFormat="1" ht="12.75" x14ac:dyDescent="0.2"><c r="A75" s="48"/><c r="B75" s="47"/><c r="C75" s="47"/><c r="D75" s="47"/><c r="E75" s="47"/><c r="F75" s="47"/><c r="G75" s="47"/><c r="H75" s="47"/><c r="I75" s="47"/><c r="J75" s="47"/><c r="K75" s="47"/><c r="L75" s="47"/><c r="M75" s="46"/><c r="N75" s="48" t="s"><v>134</v></c><c r="O75" s="47"/><c r="P75" s="47"/><c r="Q75" s="47"/><c r="R75" s="47"/><c r="S75" s="47"/><c r="T75" s="47"/><c r="U75" s="47"/><c r="V75" s="47"/><c r="W75" s="47"/><c r="X75" s="46"/></row></sheetData><mergeCells count="39"><mergeCell ref="N72:X72"/><mergeCell ref="N73:X73"/><mergeCell ref="T9:X9"/><mergeCell ref="R1:X1"/><mergeCell ref="V35:X36"/><mergeCell ref="Q51:X52"/><mergeCell ref="N71:X71"/><mergeCell ref="S25:U25"/><mergeCell ref="V17:X17"/><mergeCell ref="S14:U14"/><mergeCell ref="V14:X14"/><mergeCell ref="Q47:X48"/><mergeCell ref="S30:X30"/><mergeCell ref="S31:X31"/><mergeCell ref="T22:U22"/><mergeCell ref="T23:U23"/><mergeCell ref="A51:C52"/><mergeCell ref="N45:P46"/><mergeCell ref="N47:P48"/><mergeCell ref="N49:P50"/><mergeCell ref="N51:P52"/><mergeCell ref="D50:M50"/><mergeCell ref="D51:M52"/><mergeCell ref="A45:C46"/><mergeCell ref="A47:C48"/><mergeCell ref="D47:M48"/><mergeCell ref="D45:M46"/><mergeCell ref="A14:C36"/><mergeCell ref="Q50:X50"/><mergeCell ref="A49:C50"/><mergeCell ref="V32:X34"/><mergeCell ref="S32:U34"/><mergeCell ref="S26:U26"/><mergeCell ref="S27:U27"/><mergeCell ref="S35:U36"/><mergeCell ref="S24:U24"/><mergeCell ref="D28:R28"/><mergeCell ref="Q45:X46"/><mergeCell ref="S28:U28"/></mergeCells><phoneticPr fontId="26" type="noConversion"/><pageMargins left="0.7" right="0.7" top="0.75" bottom="0.75" header="0.3" footer="0.3"/><pageSetup paperSize="9" scale="55" orientation="portrait" horizontalDpi="4294967292" verticalDpi="4294967292" r:id="rId1"/><colBreaks count="1" manualBreakCount="1"><brk id="24" max="1048575" man="1"/></colBreaks><extLst><ext uri="{64002731-A6B0-56B0-2670-7721B7C09600}" xmlns:mx="http://schemas.microsoft.com/office/mac/excel/2008/main"><mx:PLV Mode="0" OnePage="0" WScale="0"/></ext></extLst></worksheet>