<?xml version="1.0" encoding="UTF-8" standalone="yes"?>
<worksheet xmlns="http://schemas.openxmlformats.org/spreadsheetml/2006/main" xmlns:r="http://schemas.openxmlformats.org/officeDocument/2006/relationships" xmlns:mc="http://schemas.openxmlformats.org/markup-compatibility/2006" mc:Ignorable="x14ac" xmlns:x14ac="http://schemas.microsoft.com/office/spreadsheetml/2009/9/ac"><sheetPr><pageSetUpPr fitToPage="1"/></sheetPr><dimension ref="A1:S56"/><sheetViews><sheetView zoomScale="70" zoomScaleNormal="70" zoomScaleSheetLayoutView="70" zoomScalePageLayoutView="115" workbookViewId="0"><selection activeCell="N1" sqref="N1:S2"/></sheetView></sheetViews><sheetFormatPr defaultColWidth="8.85546875" defaultRowHeight="15" x14ac:dyDescent="0.25"/><cols><col min="1" max="1" width="11.7109375" customWidth="1"/><col min="2" max="2" width="11.42578125" customWidth="1"/><col min="3" max="3" width="15" customWidth="1"/><col min="4" max="4" width="22.140625" customWidth="1"/><col min="5" max="5" width="24.42578125" customWidth="1"/><col min="6" max="6" width="9.140625" customWidth="1"/><col min="8" max="8" width="11" customWidth="1"/><col min="12" max="12" width="13" customWidth="1"/><col min="14" max="14" width="16.5703125" customWidth="1"/><col min="15" max="15" width="15.85546875" customWidth="1"/><col min="16" max="17" width="15" customWidth="1"/><col min="18" max="18" width="14.7109375" customWidth="1"/><col min="19" max="19" width="24" customWidth="1"/></cols><sheetData><row r="1" spans="1:19" ht="15.75" x14ac:dyDescent="0.25"><c r="A1" s="1"/><c r="B1" s="2"/><c r="C1" s="2"/><c r="D1" s="2"/><c r="E1" s="2"/><c r="F1" s="2"/><c r="G1" s="2"/><c r="H1" s="2"/><c r="I1" s="2"/><c r="J1" s="2"/><c r="K1" s="2"/><c r="L1" s="2"/><c r="M1" s="2"/><c r="N1" s="301" t="s"><v>122</v></c><c r="O1" s="302"/><c r="P1" s="302"/><c r="Q1" s="302"/><c r="R1" s="302"/><c r="S1" s="303"/></row><row r="2" spans="1:19" ht="16.5" thickBot="1" x14ac:dyDescent="0.3"><c r="A2" s="3"/><c r="B2" s="4"/><c r="C2" s="4"/><c r="D2" s="4"/><c r="E2" s="4"/><c r="F2" s="4"/><c r="G2" s="4"/><c r="H2" s="4"/><c r="I2" s="4"/><c r="J2" s="4"/><c r="K2" s="4"/><c r="L2" s="4"/><c r="M2" s="4"/><c r="N2" s="304"/><c r="O2" s="305"/><c r="P2" s="305"/><c r="Q2" s="305"/><c r="R2" s="305"/><c r="S2" s="306"/></row><row r="3" spans="1:19" ht="15.75" x14ac:dyDescent="0.25"><c r="A3" s="307" t="s"><v>0</v></c><c r="B3" s="308"/><c r="C3" s="308"/><c r="D3" s="308"/><c r="E3" s="308"/><c r="F3" s="308"/><c r="G3" s="308"/><c r="H3" s="308"/><c r="I3" s="308"/><c r="J3" s="308"/><c r="K3" s="308"/><c r="L3" s="308"/><c r="M3" s="308"/><c r="N3" s="308"/><c r="O3" s="308"/><c r="P3" s="308"/><c r="Q3" s="308"/><c r="R3" s="308"/><c r="S3" s="309"/></row><row r="4" spans="1:19" ht="15" customHeight="1" x14ac:dyDescent="0.25"><c r="A4" s="316" t="s"><v>121</v></c><c r="B4" s="317"/><c r="C4" s="317"/><c r="D4" s="317"/><c r="E4" s="317"/><c r="F4" s="317"/><c r="G4" s="317"/><c r="H4" s="317"/><c r="I4" s="317"/><c r="J4" s="317"/><c r="K4" s="317"/><c r="L4" s="317"/><c r="M4" s="317"/><c r="N4" s="317"/><c r="O4" s="317"/><c r="P4" s="317"/><c r="Q4" s="317"/><c r="R4" s="317"/><c r="S4" s="318"/></row><row r="5" spans="1:19" ht="15.75" x14ac:dyDescent="0.25"><c r="A5" s="313" t="s"><v>123</v></c><c r="B5" s="314"/><c r="C5" s="314"/><c r="D5" s="314"/><c r="E5" s="314"/><c r="F5" s="314"/><c r="G5" s="314"/><c r="H5" s="314"/><c r="I5" s="314"/><c r="J5" s="314"/><c r="K5" s="314"/><c r="L5" s="314"/><c r="M5" s="314"/><c r="N5" s="314"/><c r="O5" s="314"/><c r="P5" s="314"/><c r="Q5" s="314"/><c r="R5" s="314"/><c r="S5" s="315"/></row><row r="6" spans="1:19" x14ac:dyDescent="0.25"><c r="A6" s="310" t="s"><v>108</v></c><c r="B6" s="311"/><c r="C6" s="311"/><c r="D6" s="311"/><c r="E6" s="311"/><c r="F6" s="311"/><c r="G6" s="311"/><c r="H6" s="311"/><c r="I6" s="311"/><c r="J6" s="311"/><c r="K6" s="311"/><c r="L6" s="311"/><c r="M6" s="311"/><c r="N6" s="311"/><c r="O6" s="311"/><c r="P6" s="311"/><c r="Q6" s="311"/><c r="R6" s="311"/><c r="S6" s="312"/></row><row r="7" spans="1:19" x14ac:dyDescent="0.25"><c r="A7" s="310"/><c r="B7" s="311"/><c r="C7" s="311"/><c r="D7" s="311"/><c r="E7" s="311"/><c r="F7" s="311"/><c r="G7" s="311"/><c r="H7" s="311"/><c r="I7" s="311"/><c r="J7" s="311"/><c r="K7" s="311"/><c r="L7" s="311"/><c r="M7" s="311"/><c r="N7" s="311"/><c r="O7" s="311"/><c r="P7" s="311"/><c r="Q7" s="311"/><c r="R7" s="311"/><c r="S7" s="312"/></row><row r="8" spans="1:19" ht="15.75" x14ac:dyDescent="0.25"><c r="A8" s="5"/><c r="B8" s="133"/><c r="C8" s="133"/><c r="D8" s="133"/><c r="E8" s="133"/><c r="F8" s="133"/><c r="G8" s="133"/><c r="H8" s="133"/><c r="I8" s="133"/><c r="J8" s="133"/><c r="K8" s="152"/><c r="L8" s="133"/><c r="M8" s="133"/><c r="N8" s="35"/><c r="O8" s="9"/><c r="P8" s="9"/><c r="Q8" s="9"/><c r="R8" s="6" t="s"><v>96</v></c><c r="S8" s="7"/></row><row r="9" spans="1:19" ht="16.5" thickBot="1" x14ac:dyDescent="0.3"><c r="A9" s="8"/><c r="B9" s="9"/><c r="C9" s="9"/><c r="D9" s="9"/><c r="E9" s="9"/><c r="F9" s="9"/><c r="G9" s="9"/><c r="H9" s="9"/><c r="I9" s="9"/><c r="J9" s="9"/><c r="K9" s="9"/><c r="L9" s="9"/><c r="M9" s="9"/><c r="N9" s="9"/><c r="O9" s="9"/><c r="P9" s="9"/><c r="Q9" s="9"/><c r="R9" s="6" t="s"><v>1</v></c><c r="S9" s="153"/></row><row r="10" spans="1:19" x14ac:dyDescent="0.25"><c r="A10" s="118" t="s"><v>2</v></c><c r="B10" s="119"/><c r="C10" s="119"/><c r="D10" s="120"/><c r="E10" s="121"/><c r="F10" s="155" t="s"><v>175</v></c><c r="G10" s="156"/><c r="H10" s="156"/><c r="I10" s="157"/><c r="J10" s="120"/><c r="K10" s="120"/><c r="L10" s="120"/><c r="M10" s="120"/><c r="N10" s="121"/><c r="O10" s="131"/><c r="P10" s="131"/><c r="Q10" s="131"/><c r="R10" s="131"/><c r="S10" s="132"/></row><row r="11" spans="1:19" x14ac:dyDescent="0.25"><c r="A11" s="124" t="s"><v>144</v></c><c r="B11" s="41"/><c r="C11" s="40"/><c r="D11" s="40"/><c r="E11" s="129"/><c r="F11" s="158"><v>7.1</v></c><c r="G11" s="159" t="s"><v>109</v></c><c r="H11" s="159"/><c r="I11" s="160"/><c r="J11" s="10"/><c r="K11" s="10"/><c r="L11" s="10"/><c r="M11" s="10"/><c r="N11" s="123"/><c r="O11" s="131"/><c r="P11" s="131"/><c r="Q11" s="131"/><c r="R11" s="131"/><c r="S11" s="132"/></row><row r="12" spans="1:19" x14ac:dyDescent="0.25"><c r="A12" s="124"/><c r="B12" s="41"/><c r="C12" s="40"/><c r="D12" s="40"/><c r="E12" s="129"/><c r="F12" s="158"><v>7.2</v></c><c r="G12" s="159" t="s"><v>110</v></c><c r="H12" s="159"/><c r="I12" s="160"/><c r="J12" s="10"/><c r="K12" s="10"/><c r="L12" s="10"/><c r="M12" s="10"/><c r="N12" s="123"/><c r="O12" s="131"/><c r="P12" s="131"/><c r="Q12" s="131"/><c r="R12" s="131"/><c r="S12" s="132"/></row><row r="13" spans="1:19" x14ac:dyDescent="0.25"><c r="A13" s="124" t="s"><v>139</v></c><c r="B13" s="41"/><c r="C13" s="40"/><c r="D13" s="40"/><c r="E13" s="129"/><c r="F13" s="161"/><c r="G13" s="159"/><c r="H13" s="159"/><c r="I13" s="160"/><c r="J13" s="10"/><c r="K13" s="10"/><c r="L13" s="10"/><c r="M13" s="10"/><c r="N13" s="123"/><c r="O13" s="131"/><c r="P13" s="131"/><c r="Q13" s="131"/><c r="R13" s="131"/><c r="S13" s="132"/></row><row r="14" spans="1:19" x14ac:dyDescent="0.25"><c r="A14" s="124" t="s"><v>140</v></c><c r="B14" s="41"/><c r="C14" s="40"/><c r="D14" s="40"/><c r="E14" s="129"/><c r="F14" s="161" t="s"><v>176</v></c><c r="G14" s="159"/><c r="H14" s="159"/><c r="I14" s="160"/><c r="J14" s="10"/><c r="K14" s="10"/><c r="L14" s="10"/><c r="M14" s="10"/><c r="N14" s="123"/><c r="O14" s="131"/><c r="P14" s="131"/><c r="Q14" s="131"/><c r="R14" s="131"/><c r="S14" s="132"/></row><row r="15" spans="1:19" x14ac:dyDescent="0.25"><c r="A15" s="124" t="s"><v>141</v></c><c r="B15" s="41"/><c r="C15" s="40"/><c r="D15" s="40"/><c r="E15" s="129"/><c r="F15" s="158"><v>8.1</v></c><c r="G15" s="159" t="s"><v>109</v></c><c r="H15" s="159"/><c r="I15" s="160"/><c r="J15" s="10"/><c r="K15" s="10"/><c r="L15" s="10"/><c r="N15" s="123"/><c r="O15" s="131"/><c r="P15" s="131"/><c r="Q15" s="131"/><c r="R15" s="131"/><c r="S15" s="132"/></row><row r="16" spans="1:19" x14ac:dyDescent="0.25"><c r="A16" s="124"/><c r="B16" s="41"/><c r="C16" s="40"/><c r="D16" s="40"/><c r="E16" s="129"/><c r="F16" s="158"><v>8.1999999999999993</v></c><c r="G16" s="159" t="s"><v>110</v></c><c r="H16" s="159"/><c r="I16" s="160"/><c r="J16" s="10"/><c r="K16" s="10"/><c r="M16" s="10"/><c r="N16" s="123"/><c r="O16" s="131"/><c r="P16" s="131"/><c r="Q16" s="131"/><c r="R16" s="131"/><c r="S16" s="132"/></row><row r="17" spans="1:19" x14ac:dyDescent="0.25"><c r="A17" s="124" t="s"><v>143</v></c><c r="B17" s="41"/><c r="C17" s="40"/><c r="D17" s="40"/><c r="E17" s="129"/><c r="F17" s="158"/><c r="G17" s="159"/><c r="H17" s="162"/><c r="I17" s="163"/><c r="J17" s="10"/><c r="K17" s="10"/><c r="L17" s="10"/><c r="M17" s="10"/><c r="N17" s="123"/><c r="O17" s="131"/><c r="P17" s="131"/><c r="Q17" s="131"/><c r="R17" s="131"/><c r="S17" s="132"/></row><row r="18" spans="1:19" x14ac:dyDescent="0.25"><c r="A18" s="124" t="s"><v>142</v></c><c r="B18" s="41"/><c r="C18" s="40"/><c r="D18" s="40"/><c r="E18" s="129"/><c r="F18" s="158" t="s"><v>105</v></c><c r="G18" s="159" t="s"><v>106</v></c><c r="H18" s="162"/><c r="I18" s="163"/><c r="J18" s="10"/><c r="K18" s="10"/><c r="L18" s="10"/><c r="M18" s="10"/><c r="N18" s="123"/><c r="O18" s="131"/><c r="P18" s="131"/><c r="Q18" s="131"/><c r="R18" s="131"/><c r="S18" s="132"/></row><row r="19" spans="1:19" x14ac:dyDescent="0.25"><c r="A19" s="124"/><c r="B19" s="41"/><c r="C19" s="40"/><c r="D19" s="40"/><c r="E19" s="129"/><c r="F19" s="158"/><c r="G19" s="159" t="s"><v>107</v></c><c r="H19" s="159"/><c r="I19" s="160"/><c r="J19" s="10"/><c r="K19" s="10"/><c r="L19" s="10"/><c r="M19" s="10"/><c r="N19" s="123"/><c r="O19" s="131"/><c r="P19" s="131"/><c r="Q19" s="131"/><c r="R19" s="131"/><c r="S19" s="132"/></row><row r="20" spans="1:19" x14ac:dyDescent="0.25"><c r="A20" s="122" t="s"><v>145</v></c><c r="B20" s="41"/><c r="C20" s="40"/><c r="D20" s="40"/><c r="E20" s="129"/><c r="F20" s="124"/><c r="G20" s="11"/><c r="H20" s="11"/><c r="I20" s="10"/><c r="J20" s="10"/><c r="K20" s="10"/><c r="L20" s="10"/><c r="M20" s="10"/><c r="N20" s="123"/><c r="O20" s="131"/><c r="P20" s="131"/><c r="Q20" s="131"/><c r="R20" s="131"/><c r="S20" s="132"/></row><row r="21" spans="1:19" x14ac:dyDescent="0.25"><c r="A21" s="122" t="s"><v>3</v></c><c r="B21" s="41"/><c r="C21" s="40"/><c r="D21" s="41"/><c r="E21" s="129"/><c r="F21" s="122"/><c r="G21" s="11"/><c r="H21" s="11"/><c r="I21" s="10"/><c r="J21" s="10"/><c r="K21" s="10"/><c r="L21" s="10"/><c r="M21" s="10"/><c r="N21" s="123"/><c r="O21" s="131"/><c r="P21" s="131"/><c r="Q21" s="131"/><c r="R21" s="131"/><c r="S21" s="132"/></row><row r="22" spans="1:19" x14ac:dyDescent="0.25"><c r="A22" s="122"/><c r="B22" s="41"/><c r="C22" s="40"/><c r="D22" s="41"/><c r="E22" s="129"/><c r="F22" s="122"/><c r="G22" s="11"/><c r="H22" s="11"/><c r="I22" s="10"/><c r="J22" s="10"/><c r="K22" s="10"/><c r="L22" s="10"/><c r="M22" s="10"/><c r="N22" s="123"/><c r="O22" s="131"/><c r="P22" s="131"/><c r="Q22" s="131"/><c r="R22" s="131"/><c r="S22" s="132"/></row><row r="23" spans="1:19" x14ac:dyDescent="0.25"><c r="A23" s="122" t="s"><v>104</v></c><c r="B23" s="41"/><c r="C23" s="40"/><c r="D23" s="41"/><c r="E23" s="129"/><c r="F23" s="122"/><c r="G23" s="11"/><c r="H23" s="11"/><c r="I23" s="10"/><c r="J23" s="10"/><c r="K23" s="10"/><c r="L23" s="10"/><c r="M23" s="10"/><c r="N23" s="123"/><c r="O23" s="131"/><c r="P23" s="131"/><c r="Q23" s="131"/><c r="R23" s="131"/><c r="S23" s="132"/></row><row r="24" spans="1:19" x14ac:dyDescent="0.25"><c r="A24" s="122" t="s"><v>146</v></c><c r="B24" s="41"/><c r="C24" s="40"/><c r="D24" s="41"/><c r="E24" s="129"/><c r="F24" s="122"/><c r="G24" s="10"/><c r="H24" s="10"/><c r="I24" s="10"/><c r="J24" s="10"/><c r="K24" s="10"/><c r="L24" s="10"/><c r="M24" s="10"/><c r="N24" s="123"/><c r="O24" s="131"/><c r="P24" s="131"/><c r="Q24" s="131"/><c r="R24" s="131"/><c r="S24" s="132"/></row><row r="25" spans="1:19" x14ac:dyDescent="0.25"><c r="A25" s="122"/><c r="B25" s="41"/><c r="C25" s="40"/><c r="D25" s="41"/><c r="E25" s="129"/><c r="F25" s="122"/><c r="G25" s="10"/><c r="H25" s="10"/><c r="I25" s="10"/><c r="J25" s="10"/><c r="K25" s="10"/><c r="L25" s="10"/><c r="M25" s="10"/><c r="N25" s="123"/><c r="O25" s="131"/><c r="P25" s="131"/><c r="Q25" s="131"/><c r="R25" s="131"/><c r="S25" s="132"/></row><row r="26" spans="1:19" x14ac:dyDescent="0.25"><c r="A26" s="122" t="s"><v>147</v></c><c r="B26" s="41"/><c r="C26" s="40"/><c r="D26" s="41"/><c r="E26" s="129"/><c r="F26" s="122"/><c r="G26" s="10"/><c r="H26" s="10"/><c r="I26" s="10"/><c r="J26" s="10"/><c r="K26" s="10"/><c r="L26" s="10"/><c r="M26" s="10"/><c r="N26" s="123"/><c r="O26" s="131"/><c r="P26" s="131"/><c r="Q26" s="131"/><c r="R26" s="131"/><c r="S26" s="132"/></row><row r="27" spans="1:19" ht="16.5" thickBot="1" x14ac:dyDescent="0.3"><c r="A27" s="146" t="s"><v>4</v></c><c r="B27" s="117"/><c r="C27" s="117"/><c r="D27" s="117"/><c r="E27" s="39"/><c r="F27" s="128"/><c r="G27" s="117"/><c r="H27" s="117"/><c r="I27" s="117"/><c r="J27" s="117"/><c r="K27" s="117"/><c r="L27" s="117"/><c r="M27" s="117"/><c r="N27" s="39"/><c r="O27" s="9"/><c r="P27" s="9"/><c r="Q27" s="9"/><c r="R27" s="9"/><c r="S27" s="39"/></row><row r="28" spans="1:19" ht="16.5" thickBot="1" x14ac:dyDescent="0.3"><c r="A28" s="134" t="s"><v>25</v></c><c r="B28" s="125"/><c r="C28" s="126" t="s"><v>97</v></c><c r="D28" s="126"/><c r="E28" s="127"/><c r="F28" s="117"/><c r="G28" s="117"/><c r="H28" s="117"/><c r="I28" s="117"/><c r="J28" s="117"/><c r="K28" s="117"/><c r="L28" s="117"/><c r="M28" s="117"/><c r="N28" s="117"/><c r="O28" s="16"/><c r="P28" s="16"/><c r="Q28" s="16"/><c r="R28" s="16"/><c r="S28" s="17"/></row><row r="29" spans="1:19" ht="16.5" thickBot="1" x14ac:dyDescent="0.3"><c r="A29" s="43" t="s"><v>26</v></c><c r="B29" s="14"/><c r="C29" s="18" t="s"><v>94</v></c><c r="D29" s="18"/><c r="E29" s="18"/><c r="F29" s="16"/><c r="G29" s="16"/><c r="H29" s="16"/><c r="I29" s="16"/><c r="J29" s="16"/><c r="K29" s="16"/><c r="L29" s="16"/><c r="M29" s="16"/><c r="N29" s="16"/><c r="O29" s="16"/><c r="P29" s="16"/><c r="Q29" s="16"/><c r="R29" s="16"/><c r="S29" s="17"/></row><row r="30" spans="1:19" ht="16.5" thickBot="1" x14ac:dyDescent="0.3"><c r="A30" s="42" t="s"><v>27</v></c><c r="B30" s="14"/><c r="C30" s="18" t="s"><v>148</v></c><c r="D30" s="18"/><c r="E30" s="18"/><c r="F30" s="16"/><c r="G30" s="16"/><c r="H30" s="16"/><c r="I30" s="16"/><c r="J30" s="16"/><c r="K30" s="16"/><c r="L30" s="16"/><c r="M30" s="16"/><c r="N30" s="16"/><c r="O30" s="16"/><c r="P30" s="16"/><c r="Q30" s="16"/><c r="R30" s="16"/><c r="S30" s="17"/></row><row r="31" spans="1:19" ht="16.5" thickBot="1" x14ac:dyDescent="0.3"><c r="A31" s="19"/><c r="B31" s="294" t="s"><v>111</v></c><c r="C31" s="295"/><c r="D31" s="295"/><c r="E31" s="295"/><c r="F31" s="295"/><c r="G31" s="295"/><c r="H31" s="295"/><c r="I31" s="295"/><c r="J31" s="295"/><c r="K31" s="295"/><c r="L31" s="295"/><c r="M31" s="295"/><c r="N31" s="295"/><c r="O31" s="295"/><c r="P31" s="295"/><c r="Q31" s="295"/><c r="R31" s="295"/><c r="S31" s="296"/></row><row r="32" spans="1:19" ht="20.25" customHeight="1" x14ac:dyDescent="0.25"><c r="A32" s="21"/><c r="B32" s="183" t="s"><v>126</v></c><c r="C32" s="184"/><c r="D32" s="184"/><c r="E32" s="184"/><c r="F32" s="185"/><c r="G32" s="186"/><c r="H32" s="11"/><c r="I32" s="10"/><c r="J32" s="2"/><c r="K32" s="2"/><c r="L32" s="2"/><c r="M32" s="2"/><c r="N32" s="2"/><c r="O32" s="2"/><c r="P32" s="2"/><c r="Q32" s="2"/><c r="R32" s="2"/><c r="S32" s="20"/></row><row r="33" spans="1:19" ht="18" customHeight="1" x14ac:dyDescent="0.25"><c r="A33" s="21"/><c r="B33" s="288" t="s"><v>124</v></c><c r="C33" s="289"/><c r="D33" s="289"/><c r="E33" s="289"/><c r="F33" s="289"/><c r="G33" s="290"/><c r="H33" s="11"/><c r="I33" s="10"/><c r="J33" s="9"/><c r="K33" s="9"/><c r="L33" s="9"/><c r="M33" s="9"/><c r="N33" s="9"/><c r="O33" s="9"/><c r="P33" s="9"/><c r="Q33" s="9"/><c r="R33" s="9"/><c r="S33" s="12"/></row><row r="34" spans="1:19" ht="22.5" customHeight="1" thickBot="1" x14ac:dyDescent="0.3"><c r="A34" s="21"/><c r="B34" s="291" t="s"><v>125</v></c><c r="C34" s="292"/><c r="D34" s="292"/><c r="E34" s="292"/><c r="F34" s="292"/><c r="G34" s="293"/><c r="H34" s="11"/><c r="I34" s="10"/><c r="J34" s="9"/><c r="K34" s="9"/><c r="L34" s="9"/><c r="M34" s="9"/><c r="N34" s="9"/><c r="O34" s="9"/><c r="P34" s="9"/><c r="Q34" s="9"/><c r="R34" s="9"/><c r="S34" s="12"/></row><row r="35" spans="1:19" ht="21" thickBot="1" x14ac:dyDescent="0.35"><c r="A35" s="22"/><c r="B35" s="136" t="s"><v>149</v></c><c r="C35" s="137"/><c r="D35" s="18"/><c r="E35" s="23"/><c r="F35" s="24"/><c r="G35" s="24"/><c r="H35" s="24"/><c r="I35" s="24"/><c r="J35" s="15"/><c r="K35" s="15"/><c r="L35" s="15"/><c r="M35" s="15"/><c r="N35" s="15"/><c r="O35" s="154"/><c r="P35" s="141"/><c r="Q35" s="142"/><c r="R35" s="142"/><c r="S35" s="164"/></row><row r="36" spans="1:19" ht="16.5" thickBot="1" x14ac:dyDescent="0.3"><c r="A36" s="13"/><c r="B36" s="25"/><c r="C36" s="25"/><c r="D36" s="297" t="s"><v>6</v></c><c r="E36" s="298"/><c r="F36" s="299"/><c r="G36" s="300" t="s"><v>7</v></c><c r="H36" s="300"/><c r="I36" s="300"/><c r="J36" s="300"/><c r="K36" s="300"/><c r="L36" s="300" t="s"><v>8</v></c><c r="M36" s="300"/><c r="N36" s="300"/><c r="O36" s="297" t="s"><v>178</v></c><c r="P36" s="299"/><c r="Q36" s="165" t="s"><v>115</v></c><c r="R36" s="165" t="s"><v>128</v></c><c r="S36" s="166"/></row><row r="37" spans="1:19" ht="90" thickBot="1" x14ac:dyDescent="0.3"><c r="A37" s="26" t="s"><v>9</v></c><c r="B37" s="27" t="s"><v>10</v></c><c r="C37" s="27" t="s"><v>98</v></c><c r="D37" s="27" t="s"><v>11</v></c><c r="E37" s="28" t="s"><v>12</v></c><c r="F37" s="29" t="s"><v>13</v></c><c r="G37" s="29" t="s"><v>14</v></c><c r="H37" s="28" t="s"><v>90</v></c><c r="I37" s="28" t="s"><v>15</v></c><c r="J37" s="29" t="s"><v>16</v></c><c r="K37" s="29" t="s"><v>20</v></c><c r="L37" s="30" t="s"><v>17</v></c><c r="M37" s="29" t="s"><v>18</v></c><c r="N37" s="28" t="s"><v>19</v></c><c r="O37" s="29" t="s"><v>177</v></c><c r="P37" s="29" t="s"><v>131</v></c><c r="Q37" s="29" t="s"><v>127</v></c><c r="R37" s="29" t="s"><v>129</v></c><c r="S37" s="31" t="s"><v>130</v></c></row><row r="38" spans="1:19" ht="16.5" thickBot="1" x14ac:dyDescent="0.3"><c r="A38" s="32"/><c r="B38" s="33"/><c r="C38" s="33"/><c r="D38" s="25"/><c r="E38" s="25"/><c r="F38" s="32"/><c r="G38" s="32"/><c r="H38" s="32"/><c r="I38" s="32"/><c r="J38" s="32"/><c r="K38" s="32"/><c r="L38" s="32"/><c r="M38" s="32"/><c r="N38" s="32"/><c r="O38" s="167"><v>7000</v></c><c r="P38" s="167"><v>7000</v></c><c r="Q38" s="168"><v>23000</v></c><c r="R38" s="168"><v>15000</v></c><c r="S38" s="169"><f>P38+Q38+R38</f><v>45000</v></c></row><row r="39" spans="1:19" ht="16.5" thickBot="1" x14ac:dyDescent="0.3"><c r="A39" s="32"/><c r="B39" s="33"/><c r="C39" s="33"/><c r="D39" s="25"/><c r="E39" s="25"/><c r="F39" s="32"/><c r="G39" s="32"/><c r="H39" s="32"/><c r="I39" s="32"/><c r="J39" s="32"/><c r="K39" s="32"/><c r="L39" s="32"/><c r="M39" s="32"/><c r="N39" s="32"/><c r="O39" s="167"><v>13000</v></c><c r="P39" s="167"><v>10000</v></c><c r="Q39" s="167"><v>20000</v></c><c r="R39" s="167"/><c r="S39" s="169"><f>P39+Q39+R39</f><v>30000</v></c></row><row r="40" spans="1:19" ht="16.5" thickBot="1" x14ac:dyDescent="0.3"><c r="A40" s="34"/><c r="B40" s="8"/><c r="C40" s="8"/><c r="D40" s="25"/><c r="E40" s="25"/><c r="F40" s="34"/><c r="G40" s="34"/><c r="H40" s="34"/><c r="I40" s="34"/><c r="J40" s="34"/><c r="K40" s="34"/><c r="L40" s="34"/><c r="M40" s="34"/><c r="N40" s="34"/><c r="O40" s="34"/><c r="P40" s="34"/><c r="Q40" s="138"/><c r="R40" s="138"/><c r="S40" s="34"/></row><row r="41" spans="1:19" ht="16.5" thickBot="1" x14ac:dyDescent="0.3"><c r="A41" s="32"/><c r="B41" s="33"/><c r="C41" s="33"/><c r="D41" s="25"/><c r="E41" s="25"/><c r="F41" s="32"/><c r="G41" s="32"/><c r="H41" s="32"/><c r="I41" s="32"/><c r="J41" s="32"/><c r="K41" s="32"/><c r="L41" s="32"/><c r="M41" s="32"/><c r="N41" s="32"/><c r="O41" s="32"/><c r="P41" s="32"/><c r="Q41" s="138"/><c r="R41" s="138"/><c r="S41" s="32"/></row><row r="42" spans="1:19" ht="16.5" thickBot="1" x14ac:dyDescent="0.3"><c r="A42" s="32"/><c r="B42" s="33"/><c r="C42" s="33"/><c r="D42" s="25"/><c r="E42" s="25"/><c r="F42" s="32"/><c r="G42" s="32"/><c r="H42" s="32"/><c r="I42" s="32"/><c r="J42" s="32"/><c r="K42" s="32"/><c r="L42" s="32"/><c r="M42" s="32"/><c r="N42" s="32"/><c r="O42" s="32"/><c r="P42" s="32"/><c r="Q42" s="138"/><c r="R42" s="138"/><c r="S42" s="32"/></row><row r="43" spans="1:19" ht="16.5" thickBot="1" x14ac:dyDescent="0.3"><c r="A43" s="34"/><c r="B43" s="8"/><c r="C43" s="8"/><c r="D43" s="25"/><c r="E43" s="25"/><c r="F43" s="34"/><c r="G43" s="34"/><c r="H43" s="34"/><c r="I43" s="34"/><c r="J43" s="34"/><c r="K43" s="34"/><c r="L43" s="34"/><c r="M43" s="34"/><c r="N43" s="34"/><c r="O43" s="34"/><c r="P43" s="34"/><c r="Q43" s="138"/><c r="R43" s="138"/><c r="S43" s="34"/></row><row r="44" spans="1:19" ht="16.5" thickBot="1" x14ac:dyDescent="0.3"><c r="A44" s="319" t="s"><v>88</v></c><c r="B44" s="320"/><c r="C44" s="25"/><c r="D44" s="32"/><c r="E44" s="25"/><c r="F44" s="32"/><c r="G44" s="32"/><c r="H44" s="32"/><c r="I44" s="32"/><c r="J44" s="32"/><c r="K44" s="32"/><c r="L44" s="32"/><c r="M44" s="32"/><c r="N44" s="32"/><c r="O44" s="32"/><c r="P44" s="32"/><c r="Q44" s="138"/><c r="R44" s="32"/><c r="S44" s="32"/></row><row r="45" spans="1:19" ht="16.5" thickBot="1" x14ac:dyDescent="0.3"><c r="A45" s="319" t="s"><v>89</v></c><c r="B45" s="320"/><c r="C45" s="25"/><c r="D45" s="32"/><c r="E45" s="25"/><c r="F45" s="32"/><c r="G45" s="32"/><c r="H45" s="32"/><c r="I45" s="32"/><c r="J45" s="32"/><c r="K45" s="32"/><c r="L45" s="32"/><c r="M45" s="32"/><c r="N45" s="32"/><c r="O45" s="32"/><c r="P45" s="32"/><c r="Q45" s="32"/><c r="R45" s="32"/><c r="S45" s="32"/></row><row r="46" spans="1:19" ht="16.5" thickBot="1" x14ac:dyDescent="0.3"><c r="A46" s="147" t="s"><v>99</v></c><c r="B46" s="140"/><c r="C46" s="141"/><c r="D46" s="142"/><c r="E46" s="141"/><c r="F46" s="142"/><c r="G46" s="142"/><c r="H46" s="142"/><c r="I46" s="142"/><c r="J46" s="142"/><c r="K46" s="142"/><c r="L46" s="142"/><c r="M46" s="142"/><c r="N46" s="142"/><c r="O46" s="142"/><c r="P46" s="142"/><c r="Q46" s="142"/><c r="R46" s="142"/><c r="S46" s="143"/></row><row r="47" spans="1:19" ht="16.5" thickBot="1" x14ac:dyDescent="0.3"><c r="A47" s="148" t="s"><v>174</v></c><c r="B47" s="139"/><c r="C47" s="145"/><c r="D47" s="2"/><c r="E47" s="145"/><c r="F47" s="2"/><c r="G47" s="2"/><c r="H47" s="2"/><c r="I47" s="2"/><c r="J47" s="2"/><c r="K47" s="2"/><c r="L47" s="2"/><c r="M47" s="2"/><c r="N47" s="2"/><c r="O47" s="2"/><c r="P47" s="2"/><c r="Q47" s="2"/><c r="R47" s="2"/><c r="S47" s="38"/></row><row r="48" spans="1:19" ht="16.5" thickBot="1" x14ac:dyDescent="0.3"><c r="A48" s="147" t="s"><v>100</v></c><c r="B48" s="140"/><c r="C48" s="141"/><c r="D48" s="142"/><c r="E48" s="141"/><c r="F48" s="142"/><c r="G48" s="142"/><c r="H48" s="142"/><c r="I48" s="142"/><c r="J48" s="142"/><c r="K48" s="142"/><c r="L48" s="142"/><c r="M48" s="142"/><c r="N48" s="142"/><c r="O48" s="142"/><c r="P48" s="142"/><c r="Q48" s="142"/><c r="R48" s="142"/><c r="S48" s="143"/></row><row r="49" spans="1:19" ht="16.5" thickBot="1" x14ac:dyDescent="0.3"><c r="A49" s="149" t="s"><v>101</v></c><c r="B49" s="150"/><c r="C49" s="135"/><c r="D49" s="15"/><c r="E49" s="135"/><c r="F49" s="15"/><c r="G49" s="15"/><c r="H49" s="15"/><c r="I49" s="15"/><c r="J49" s="15"/><c r="K49" s="15"/><c r="L49" s="15"/><c r="M49" s="15"/><c r="N49" s="15"/><c r="O49" s="15"/><c r="P49" s="15"/><c r="Q49" s="15"/><c r="R49" s="15"/><c r="S49" s="144"/></row><row r="50" spans="1:19" ht="15.75" x14ac:dyDescent="0.25"><c r="A50" s="2"/><c r="B50" s="2"/><c r="C50" s="2"/><c r="D50" s="2"/><c r="E50" s="2"/><c r="F50" s="151" t="s"><v>102</v></c><c r="G50" s="151"/><c r="H50" s="151"/><c r="I50" s="2"/><c r="J50" s="2"/><c r="K50" s="9"/><c r="M50" s="151" t="s"><v>103</v></c><c r="N50" s="151"/><c r="Q50" s="2"/><c r="R50" s="2"/><c r="S50" s="2"/></row><row r="51" spans="1:19" ht="15.75" x14ac:dyDescent="0.25"><c r="A51" s="130"/><c r="B51" s="9" t="s"><v>21</v></c><c r="C51" s="9"/><c r="D51" s="9"/><c r="E51" s="9"/><c r="F51" s="9" t="s"><v>22</v></c><c r="G51" s="9"/><c r="H51" s="9"/><c r="I51" s="9"/><c r="J51" s="130"/><c r="K51" s="130"/><c r="L51" s="9"/><c r="M51" s="9" t="s"><v>22</v></c><c r="N51" s="9"/><c r="O51" s="130"/><c r="P51" s="130"/><c r="Q51" s="9" t="s"><v>23</v></c><c r="R51" s="9"/><c r="S51" s="9"/></row><row r="52" spans="1:19" ht="15.75" x14ac:dyDescent="0.25"><c r="A52" s="9"/><c r="B52" s="9"/><c r="C52" s="9"/><c r="D52" s="9"/><c r="E52" s="9"/><c r="F52" s="9"/><c r="G52" s="9"/><c r="H52" s="9"/><c r="I52" s="9"/><c r="J52" s="9"/><c r="K52" s="9"/><c r="L52" s="9"/><c r="M52" s="9"/><c r="N52" s="9"/><c r="O52" s="9"/><c r="P52" s="9"/><c r="Q52" s="9"/><c r="R52" s="9"/><c r="S52" s="9"/></row><row r="53" spans="1:19" ht="15.75" x14ac:dyDescent="0.25"><c r="A53" s="4"/><c r="B53" s="308"/><c r="C53" s="308"/><c r="D53" s="308"/><c r="E53" s="36"/><c r="F53" s="324"/><c r="G53" s="324"/><c r="H53" s="324"/><c r="I53" s="324"/><c r="J53" s="4"/><c r="K53" s="4"/><c r="L53" s="308"/><c r="M53" s="308"/><c r="N53" s="308"/><c r="O53" s="9"/><c r="P53" s="9"/><c r="Q53" s="322"/><c r="R53" s="322"/><c r="S53" s="9"/></row><row r="54" spans="1:19" ht="15.75" x14ac:dyDescent="0.25"><c r="A54" s="130"/><c r="B54" s="322" t="s"><v>119</v></c><c r="C54" s="322"/><c r="D54" s="322"/><c r="E54" s="37"/><c r="F54" s="322" t="s"><v>116</v></c><c r="G54" s="322"/><c r="H54" s="322"/><c r="I54" s="322"/><c r="J54" s="9"/><c r="K54" s="9"/><c r="L54" s="37"/><c r="M54" s="37" t="s"><v>117</v></c><c r="N54" s="37"/><c r="O54" s="37"/><c r="P54" s="37"/><c r="Q54" s="323" t="s"><v>118</v></c><c r="R54" s="323"/><c r="S54" s="9"/></row><row r="55" spans="1:19" ht="15.75" x14ac:dyDescent="0.25"><c r="A55" s="130"/><c r="B55" s="308" t="s"><v>24</v></c><c r="C55" s="308"/><c r="D55" s="308"/><c r="E55" s="4"/><c r="F55" s="308" t="s"><v>24</v></c><c r="G55" s="308"/><c r="H55" s="308"/><c r="I55" s="308"/><c r="J55" s="9"/><c r="K55" s="9"/><c r="L55" s="4"/><c r="M55" s="4" t="s"><v>120</v></c><c r="N55" s="4"/><c r="O55" s="4"/><c r="P55" s="4"/><c r="Q55" s="321" t="s"><v>24</v></c><c r="R55" s="321"/><c r="S55" s="9"/></row><row r="56" spans="1:19" x14ac:dyDescent="0.25"><c r="A56" s="130"/><c r="B56" s="130"/><c r="C56" s="130"/><c r="D56" s="130"/><c r="E56" s="130"/><c r="F56" s="130"/><c r="G56" s="130"/><c r="H56" s="130"/><c r="I56" s="130"/><c r="J56" s="130"/><c r="K56" s="130"/><c r="L56" s="130"/><c r="M56" s="130"/><c r="N56" s="130"/><c r="O56" s="130"/><c r="P56" s="130"/><c r="Q56" s="130"/><c r="R56" s="130"/><c r="S56" s="130"/></row></sheetData><mergeCells count="24"><mergeCell ref="A44:B44"/><mergeCell ref="A45:B45"/><mergeCell ref="Q55:R55"/><mergeCell ref="B54:D54"/><mergeCell ref="B55:D55"/><mergeCell ref="F54:I54"/><mergeCell ref="F55:I55"/><mergeCell ref="Q54:R54"/><mergeCell ref="F53:I53"/><mergeCell ref="L53:N53"/><mergeCell ref="Q53:R53"/><mergeCell ref="B53:D53"/><mergeCell ref="N1:S2"/><mergeCell ref="A3:S3"/><mergeCell ref="A6:S7"/><mergeCell ref="A5:S5"/><mergeCell ref="A4:S4"/><mergeCell ref="B33:G33"/><mergeCell ref="B34:G34"/><mergeCell ref="B31:S31"/><mergeCell ref="D36:F36"/><mergeCell ref="O36:P36"/><mergeCell ref="G36:K36"/><mergeCell ref="L36:N36"/></mergeCells><phoneticPr fontId="26" type="noConversion"/><pageMargins left="0.25" right="0.25" top="0.75" bottom="0.75" header="0.3" footer="0.3"/><pageSetup paperSize="9" scale="54" fitToHeight="0" orientation="landscape" r:id="rId1"/><headerFooter><oddFooter>&amp;C&amp;P of &amp;N</oddFooter></headerFooter><extLst><ext uri="{64002731-A6B0-56B0-2670-7721B7C09600}" xmlns:mx="http://schemas.microsoft.com/office/mac/excel/2008/main"><mx:PLV Mode="0" OnePage="0" WScale="0"/></ext></extLst></worksheet>